user_id,journey_id,plug_in_date,plug_in_time,departure_date,departure_time,distance,user_type
1_9_5,f13845dd427c4e449b63bc246eae9201,2022/08/08,17:32,2022/08/08,20:32,3,9_5
1_9_5,a48f60e7bbd145dc8b895a2f268e08a6,2022/08/09,00:30,2022/08/09,08:45,16,9_5
2_9_5,c7ae5095d0394599b6e905ddd14e033e,2022/08/08,17:49,2022/08/08,20:49,17,9_5
2_9_5,aafb0242121a436f88ae28f48ff392e8,2022/08/08,23:30,2022/08/09,08:53,8,9_5
3_9_5,3db9ce67d5494017a428e207a2616bcb,2022/08/08,17:22,2022/08/08,21:22,16,9_5
3_9_5,f9d5ad083cae4d1c9da28a4371aea10f,2022/08/09,01:05,2022/08/09,08:00,53,9_5
4_9_5,c44ee8da85dd4d568dc45e7b402c3d94,2022/08/08,17:13,2022/08/08,19:13,7,9_5
4_9_5,7cdcc723363148d8999c26dae1bbcc0e,2022/08/08,21:07,2022/08/09,08:41,20,9_5
5_9_5,b3aafeb6f45646c48bfaec5a3bdabc1d,2022/08/08,17:12,2022/08/08,19:12,27,9_5
5_9_5,5ca8997aebda40f3b55d4f1354f88ebb,2022/08/08,20:41,2022/08/09,08:21,33,9_5
6_9_5,6993a2266c734a23b29fa7cc0369d002,2022/08/08,17:22,2022/08/08,20:22,4,9_5
6_9_5,d30e6ee3a0b142849b78bf0a7e767427,2022/08/08,23:18,2022/08/09,08:03,66,9_5
7_9_5,900e997a59e14e70b168af17b198b3fe,2022/08/08,17:44,2022/08/08,21:44,24,9_5
7_9_5,4527ef8243ea4edc814f0da7d18e60df,2022/08/09,01:16,2022/08/09,08:48,13,9_5
8_9_5,014962f9735447cf8ff84c4a412e016b,2022/08/08,17:37,2022/08/08,19:37,21,9_5
8_9_5,34a54aa4b1a44b578d4b93fefafe1c87,2022/08/08,21:12,2022/08/09,08:22,35,9_5
9_9_5,d9c8dfebe61b4fe6acd7553858a616b7,2022/08/08,17:00,2022/08/08,20:00,32,9_5
9_9_5,ea25c4e16532490fa2876b81cf768493,2022/08/08,22:33,2022/08/09,08:59,2,9_5
10_9_5,22336af0f8d14335a3ec8d888a2f58af,2022/08/08,17:59,2022/08/08,20:59,6,9_5
10_9_5,8b71841881f64d338901bd04c1c7d20f,2022/08/09,00:53,2022/08/09,08:29,37,9_5
11_9_5,b4baf4a3f59241a793715250199c9541,2022/08/08,17:52,2022/08/08,19:52,11,9_5
11_9_5,d74eb7a341e2445a87ccf67841710160,2022/08/08,23:39,2022/08/09,08:39,20,9_5
12_9_5,a2be7730229546f0acaaa603e05721e4,2022/08/08,17:11,2022/08/08,21:11,22,9_5
12_9_5,1a5ab8f07462476b84233938ee47f03c,2022/08/08,23:50,2022/08/09,08:31,32,9_5
13_9_5,484f95db8f4f49bc82bf481a98a56dba,2022/08/08,17:27,2022/08/08,20:27,2,9_5
13_9_5,003b5833d36249fcb1bbb515fc341df3,2022/08/08,23:25,2022/08/09,08:37,19,9_5
14_9_5,373952401a024a60a37aaec2ce1709f6,2022/08/08,17:51,2022/08/08,21:51,22,9_5
14_9_5,8bfc647be97a4526a4d3941c1db50327,2022/08/09,01:29,2022/08/09,08:55,6,9_5
15_9_5,7314c365baaa4e0b892883da9f824442,2022/08/08,17:19,2022/08/08,19:19,5,9_5
15_9_5,03e4921d91a24fccba97a08246450457,2022/08/08,22:14,2022/08/09,08:31,27,9_5
16_9_5,62475ff74b274fa7acd32740eaa64566,2022/08/08,17:23,2022/08/08,19:23,7,9_5
16_9_5,05c2af4d9f7c4e069b32d944f3f1ca49,2022/08/08,23:16,2022/08/09,08:30,32,9_5
17_9_5,d514e758c4824f3e885966ff6f392901,2022/08/08,17:31,2022/08/08,20:31,35,9_5
17_9_5,e5608cf3dd5f4992a7f5c7b757fc3c74,2022/08/09,00:00,2022/08/09,08:45,16,9_5
18_9_5,7d676cfe64154d4ea0af66f68202996e,2022/08/08,17:24,2022/08/08,21:24,2,9_5
18_9_5,e1369937ba70481a980a8b8316c1a55e,2022/08/08,23:23,2022/08/09,08:00,53,9_5
19_9_5,fa91d20a834b4360a252613fc41b8e5e,2022/08/08,17:03,2022/08/08,21:03,28,9_5
19_9_5,50e26574238449bbbb0be355069a7b68,2022/08/08,23:36,2022/08/09,08:10,43,9_5
20_9_5,87f86c9056b94ca193bd6829ff7ef7ba,2022/08/08,17:28,2022/08/08,20:28,15,9_5
20_9_5,5230b034930f48ecab0a20f73b05b625,2022/08/08,23:12,2022/08/09,08:57,4,9_5
1_9_5,545c5fc764ff44109c52f210cd493724,2022/08/09,17:24,2022/08/09,21:24,20,9_5
1_9_5,6f7d567d8ac243bf935e6439a80ecbf3,2022/08/09,23:06,2022/08/10,08:10,44,9_5
2_9_5,99a57e0ac87647b6a70dd1fc895cc1b4,2022/08/09,17:30,2022/08/09,20:30,33,9_5
2_9_5,b927896f16c24321870a55ab326514da,2022/08/09,22:00,2022/08/10,08:17,47,9_5
3_9_5,1116ac02296c4729a6a2d20a4092fcf2,2022/08/09,17:23,2022/08/09,21:23,26,9_5
3_9_5,b7d709423955413d8c30a5126fc13b89,2022/08/09,22:57,2022/08/10,08:22,40,9_5
4_9_5,931a86755f7142f5b093e144a58a5a7d,2022/08/09,17:24,2022/08/09,19:24,20,9_5
4_9_5,9cf4b276a39f41048136a8b29e84bc7e,2022/08/09,23:01,2022/08/10,08:17,38,9_5
5_9_5,f42741e253644428a4e93a66f898ac81,2022/08/09,17:00,2022/08/09,20:00,12,9_5
5_9_5,e1045dfce68847f0b1402a6e2d1eea81,2022/08/09,21:48,2022/08/10,08:27,28,9_5
6_9_5,c1036ce6f9e340079970db0bae968350,2022/08/09,17:11,2022/08/09,19:11,3,9_5
6_9_5,25cf708e74ba4508b0ea3154e3a43919,2022/08/09,23:08,2022/08/10,08:30,34,9_5
7_9_5,7e293f45a7124b5cab64509fc41c390f,2022/08/09,17:13,2022/08/09,20:13,27,9_5
7_9_5,6fbd7de275c84ecf8ee055f48071a289,2022/08/09,21:43,2022/08/10,08:20,34,9_5
8_9_5,a51a2e9127e7471892886688e01adc8f,2022/08/09,17:16,2022/08/09,19:16,5,9_5
8_9_5,c8282ec89c5e4d0e93c7eefd4dbe77d8,2022/08/09,22:11,2022/08/10,08:14,42,9_5
9_9_5,32aa148ae07e4e64a9ef716527d1a261,2022/08/09,17:16,2022/08/09,21:16,8,9_5
9_9_5,d82ee555d7fd4a21a2256962d6133ba5,2022/08/09,23:08,2022/08/10,08:46,16,9_5
10_9_5,31cb460f31a54c5fa3ee32b1216b105b,2022/08/09,17:08,2022/08/09,20:08,25,9_5
10_9_5,92f1de068c924704a94c8714e9972ded,2022/08/09,21:44,2022/08/10,08:15,45,9_5
11_9_5,24c2e6a359134ced9bdac47765d4ede7,2022/08/09,17:54,2022/08/09,19:54,16,9_5
11_9_5,30f143cfe85f48d4917d2b922a23dc3c,2022/08/09,22:39,2022/08/10,08:40,18,9_5
12_9_5,71231c7e6e314f84bb51a8e852f667c8,2022/08/09,17:03,2022/08/09,21:03,1,9_5
12_9_5,6a9931146db34c2c9d6a63a4eccf5b35,2022/08/10,00:03,2022/08/10,08:21,34,9_5
13_9_5,a38c58e3f6864a4e9810a07474da3ff4,2022/08/09,17:22,2022/08/09,21:22,23,9_5
13_9_5,ae577b1b3fba42aa90350d9774fdfca9,2022/08/09,23:01,2022/08/10,08:04,50,9_5
14_9_5,57b94cece9324a5fbce0496ca194485e,2022/08/09,17:42,2022/08/09,20:42,4,9_5
14_9_5,536686d73b834e02b556feaaeac37830,2022/08/10,00:39,2022/08/10,09:00,1,9_5
15_9_5,aa66f03fe02c447db4586b875b12cd30,2022/08/09,17:22,2022/08/09,19:22,1,9_5
15_9_5,50c6834baa744d4ab67a712033003e54,2022/08/09,22:22,2022/08/10,08:22,31,9_5
16_9_5,cde3ab17b4f346a4aac8e9d5344d035d,2022/08/09,17:06,2022/08/09,21:06,21,9_5
16_9_5,e7890b2eef054c82bc24978909c663ab,2022/08/09,22:46,2022/08/10,08:25,37,9_5
17_9_5,717f719f45cf406b8d748a3d17d48017,2022/08/09,17:48,2022/08/09,21:48,11,9_5
17_9_5,fb2d6fff5c354194afc06d36783f5502,2022/08/10,00:36,2022/08/10,08:22,39,9_5
18_9_5,8b6726b772264427b1aac6e4d986d9dc,2022/08/09,17:28,2022/08/09,19:28,6,9_5
18_9_5,23083abf6e044b72813b9d3029f5a8a2,2022/08/09,21:22,2022/08/10,08:47,14,9_5
19_9_5,bff8ce66c49344d39b70da0fad7fcae1,2022/08/09,17:18,2022/08/09,19:18,1,9_5
19_9_5,7ecae9c75ae24c7788f1221993a4bc12,2022/08/09,22:18,2022/08/10,08:25,33,9_5
20_9_5,d56cef8c4af24021915dadbb718a7aec,2022/08/09,17:51,2022/08/09,21:51,15,9_5
20_9_5,127af5de26564fe4b3dacbcd03ec3336,2022/08/10,01:34,2022/08/10,08:19,45,9_5
1_9_5,2e08d8606d73460ca53fc6b835d66dce,2022/08/10,17:54,2022/08/10,20:54,25,9_5
1_9_5,ac692ea43a074fa298347b6e4c10a5ed,2022/08/10,23:30,2022/08/11,08:04,53,9_5
2_9_5,7c23d9bf052148388a1c74d81a0a3e7e,2022/08/10,17:53,2022/08/10,20:53,21,9_5
2_9_5,472c66e42e3c49db81d650a83d0e1e52,2022/08/11,00:33,2022/08/11,08:09,50,9_5
3_9_5,26af3679d14541649b5d6053d5b5cd0b,2022/08/10,17:40,2022/08/10,19:40,12,9_5
3_9_5,f0fded610df64348ac9e6d80623d43a9,2022/08/10,22:29,2022/08/11,08:35,21,9_5
4_9_5,834a6259132a4e3e9a9114f283f09aa4,2022/08/10,17:47,2022/08/10,21:47,22,9_5
4_9_5,e9259735ae9740eda2588ff2ad56dbd2,2022/08/11,00:22,2022/08/11,08:55,5,9_5
5_9_5,c65a9a6704ce47ec9b3a74a701aec7df,2022/08/10,17:11,2022/08/10,19:11,21,9_5
5_9_5,5adc279994304f8699bec236887a9614,2022/08/10,20:45,2022/08/11,08:35,30,9_5
6_9_5,c1890e9120f64dd494c118fc0637cd07,2022/08/10,17:58,2022/08/10,19:58,27,9_5
6_9_5,d7986c654bf44cf99a0ca45445939a59,2022/08/10,23:29,2022/08/11,08:42,16,9_5
7_9_5,9db1cba2d92b46508780bae6eb1dd7e6,2022/08/10,17:53,2022/08/10,19:53,32,9_5
7_9_5,d6b086758cd94ef8ae0fbd38041d1923,2022/08/10,21:26,2022/08/11,08:41,22,9_5
8_9_5,711b3561224b4c53a6bb5e83e4edbeb5,2022/08/10,17:29,2022/08/10,19:29,8,9_5
8_9_5,718d888254644e04a8563b6ed744b441,2022/08/10,23:22,2022/08/11,08:53,7,9_5
9_9_5,9078b32c8d394da4844f8b1bd1c49909,2022/08/10,17:53,2022/08/10,20:53,28,9_5
9_9_5,c593cc34018a4d71bc84c840ab7e8f3e,2022/08/10,22:24,2022/08/11,08:04,57,9_5
10_9_5,3a0fddff14ae48e6a9d8a053da781c36,2022/08/10,17:20,2022/08/10,19:20,14,9_5
10_9_5,d49d90d7c2cb42d386d053301065beba,2022/08/10,23:05,2022/08/11,08:33,31,9_5
11_9_5,d95217da056a4555bd75bec4bad019be,2022/08/10,17:41,2022/08/10,21:41,16,9_5
11_9_5,b4156e03bb144a0996312041694254ee,2022/08/11,00:25,2022/08/11,08:28,37,9_5
12_9_5,7a75172434454d43829b4a1e3d066e81,2022/08/10,17:20,2022/08/10,20:20,26,9_5
12_9_5,3e5ee6d34d8144cb9e2c78112ea09c57,2022/08/10,23:55,2022/08/11,08:50,11,9_5
13_9_5,aa60bb7178b94335884d42310c309325,2022/08/10,17:22,2022/08/10,20:22,2,9_5
13_9_5,9840eb72b0af40c58f62b2b031f9ca01,2022/08/10,23:21,2022/08/11,08:13,43,9_5
14_9_5,78abd34b13ca4677aa83ba6e7c6b145f,2022/08/10,17:29,2022/08/10,20:29,1,9_5
14_9_5,7845686ddc9e420598debeb99c8856ca,2022/08/10,22:28,2022/08/11,08:11,43,9_5
15_9_5,cd6015419da6408ea4e7a20e77d1ec01,2022/08/10,18:01,2022/08/10,22:01,2,9_5
15_9_5,0560e6069f59401db50ea9bcdb378cfc,2022/08/11,01:59,2022/08/11,08:14,43,9_5
16_9_5,1fff810de1c745c59fdb39c65755bcd0,2022/08/10,17:01,2022/08/10,19:01,24,9_5
16_9_5,afbda6ae6bd04ed183a6de62085fbd81,2022/08/10,20:34,2022/08/11,08:02,60,9_5
17_9_5,959d9eb44b1541dfadc714a89b5f38c7,2022/08/10,17:47,2022/08/10,21:47,20,9_5
17_9_5,bf6383c46fa644bcb81c67e816b9a0d0,2022/08/11,00:23,2022/08/11,08:39,18,9_5
18_9_5,63e386183b3144dc804a1ec489a80485,2022/08/10,17:13,2022/08/10,20:13,22,9_5
18_9_5,c253f7ef0a1d4f9db21a9de20db7bffd,2022/08/10,22:54,2022/08/11,08:21,43,9_5
19_9_5,f9c1925747aa486b94d35142397770de,2022/08/10,17:29,2022/08/10,19:29,9,9_5
19_9_5,93404b099e96411a8a24cb0480ad87cc,2022/08/10,23:21,2022/08/11,08:04,55,9_5
20_9_5,edd201f9429c485ab33cbf29cd57a695,2022/08/10,17:43,2022/08/10,21:43,14,9_5
20_9_5,227085a2935944269f351b2f65acce6b,2022/08/11,01:30,2022/08/11,08:11,42,9_5
1_9_5,8d4378fa3de8444f84e1a47b91a24903,2022/08/11,17:08,2022/08/11,19:08,7,9_5
1_9_5,32bbb9d956034482b2de6f0255f859e2,2022/08/11,22:01,2022/08/12,08:28,36,9_5
2_9_5,047e19dd9a5444299c8cdbe729ec65b8,2022/08/11,17:04,2022/08/11,20:04,26,9_5
2_9_5,900e93c3a8f64945aaad0f74a1243643,2022/08/11,23:33,2022/08/12,08:51,10,9_5
3_9_5,ff57460edd034d2d8767e7abdbec39e1,2022/08/11,17:56,2022/08/11,21:56,15,9_5
3_9_5,38e4489c12124709bb05005662e635af,2022/08/11,23:42,2022/08/12,08:45,15,9_5
4_9_5,4fead2576e37415db53fe8176a1c2671,2022/08/11,17:44,2022/08/11,20:44,33,9_5
4_9_5,3bc348ebf85541d892d1459a130466bf,2022/08/11,22:14,2022/08/12,08:55,5,9_5
5_9_5,a9e3be1d7967446d9cf244953fdb51e9,2022/08/11,17:38,2022/08/11,21:38,29,9_5
5_9_5,d544d6a9d68246c69e36c32ad2e55451,2022/08/12,01:13,2022/08/12,08:29,32,9_5
6_9_5,fe8ae12cee8b4982aa2723aea60dadfd,2022/08/11,17:14,2022/08/11,21:14,25,9_5
6_9_5,c84d854a14174afba1569efd0a3b9b83,2022/08/11,23:53,2022/08/12,08:20,42,9_5
7_9_5,f5939bc5e9eb49c09009356d3163ea9b,2022/08/11,17:28,2022/08/11,21:28,30,9_5
7_9_5,9f5fa3d3c4e5495f8de67faaf793fc7a,2022/08/11,23:00,2022/08/12,08:05,56,9_5
8_9_5,fbd4bb04b5bf47249c88d073b5d08413,2022/08/11,17:57,2022/08/11,19:57,10,9_5
8_9_5,d74474a36eeb474f86279d8e3a23faaa,2022/08/11,22:47,2022/08/12,08:11,58,9_5
9_9_5,c0ef873aedd941e3a98a71bfe6a4b8e8,2022/08/11,17:58,2022/08/11,19:58,17,9_5
9_9_5,577043e92a5547b6aa541e768f4844b1,2022/08/11,21:40,2022/08/12,08:48,12,9_5
10_9_5,7d69dccc39574a7aae5e39e15b6e1349,2022/08/11,17:05,2022/08/11,19:05,33,9_5
10_9_5,ef88fc26ac31495386c3afe44eb58456,2022/08/11,22:34,2022/08/12,08:58,3,9_5
11_9_5,de5d84ffb54743709a9d3dc689db6f87,2022/08/11,17:02,2022/08/11,19:02,35,9_5
11_9_5,6ae7fb4b20ad41179b264674b6d238dc,2022/08/11,22:32,2022/08/12,08:42,21,9_5
12_9_5,c8d16d586b134c4fa3201e3707decf33,2022/08/11,17:04,2022/08/11,19:04,12,9_5
12_9_5,955bafbaf69d4763b780bc6fba560bca,2022/08/11,22:50,2022/08/12,08:28,35,9_5
13_9_5,b1a87bd58d2d4b95ab991b5c32cbba7c,2022/08/11,17:48,2022/08/11,20:48,15,9_5
13_9_5,0168cb52838446dcb0dd2cd2e3623da5,2022/08/12,00:32,2022/08/12,08:49,13,9_5
14_9_5,7d0d90611e324ad3b2cef567c24060a3,2022/08/11,17:32,2022/08/11,20:32,20,9_5
14_9_5,1a77c155c3204a3480aca36cf2b1f05f,2022/08/11,23:10,2022/08/12,08:10,43,9_5
15_9_5,570ff14f7b1642cc8b12c28a826ea78c,2022/08/11,17:16,2022/08/11,19:16,13,9_5
15_9_5,1af54c3af3e7408297cbcec49745a49f,2022/08/11,21:03,2022/08/12,08:44,19,9_5
16_9_5,2cb9738e4b7c4e21872d811858da2515,2022/08/11,17:51,2022/08/11,21:51,21,9_5
16_9_5,8f25aa4ad4cf41d5a79da6da617090cc,2022/08/12,00:33,2022/08/12,08:12,57,9_5
17_9_5,5edaa646b8424b47b465e632b4549326,2022/08/11,17:53,2022/08/11,19:53,3,9_5
17_9_5,3dd20494d3cb49f7a710254658acba49,2022/08/11,23:50,2022/08/12,08:51,8,9_5
18_9_5,94711577288144be89bdad7e9ca8379b,2022/08/11,17:50,2022/08/11,21:50,9,9_5
18_9_5,de87c2dc1e814a7ab2a592d718adcbd7,2022/08/11,23:42,2022/08/12,08:22,34,9_5
19_9_5,c785ce7721fe4f63a37123d20eb5fed5,2022/08/11,17:48,2022/08/11,19:48,13,9_5
19_9_5,ecf83ffdc14644e79f64f62a5748edd2,2022/08/11,21:33,2022/08/12,08:41,19,9_5
20_9_5,46303517b7934df19d441ed2efad3bf7,2022/08/11,17:52,2022/08/11,20:52,25,9_5
20_9_5,f3b8dce77e1e4e1aa3a191b2556729e5,2022/08/12,00:31,2022/08/12,08:27,31,9_5
1_9_5,1e362b23fe0f4a7599e7bf2abba70afd,2022/08/12,17:42,2022/08/12,20:42,9,9_5
1_9_5,4756c8d33394481aae08f1ccb0a52ec6,2022/08/12,23:35,2022/08/13,08:27,39,9_5
2_9_5,8d83476b58f24951b14f008b4ccf8589,2022/08/12,17:48,2022/08/12,19:48,9,9_5
2_9_5,6e9d19fdae1d409093f179269916110f,2022/08/12,21:39,2022/08/13,08:34,21,9_5
3_9_5,f85ca64b2b9a4157bd4768fb852bbd66,2022/08/12,17:38,2022/08/12,21:38,12,9_5
3_9_5,0b8a503c55474868a5834034d0379df5,2022/08/13,01:26,2022/08/13,08:00,67,9_5
4_9_5,c21acfcb3a87438db1751ca0689e992a,2022/08/12,17:59,2022/08/12,20:59,23,9_5
4_9_5,74523b62f716430784054ecaf2aae680,2022/08/12,22:32,2022/08/13,08:51,8,9_5
5_9_5,6f06389f281e4882a9294355b18a6e12,2022/08/12,17:14,2022/08/12,21:14,27,9_5
5_9_5,9daa404bca994532b8da258efadc2bc6,2022/08/13,00:46,2022/08/13,08:20,35,9_5
6_9_5,76afd4a89adb4161ac57be398980178f,2022/08/12,17:57,2022/08/12,19:57,24,9_5
6_9_5,f5bcadbc1a9949a297a439e52828edbf,2022/08/12,23:37,2022/08/13,08:39,18,9_5
7_9_5,c73a0a1cdf3b4628b23c1bcfdffe6869,2022/08/12,17:36,2022/08/12,20:36,22,9_5
7_9_5,0218a74490ba4e7d91db45bf7da30e15,2022/08/12,22:18,2022/08/13,08:44,16,9_5
8_9_5,eb046a737b064383bb27f01b2c39e608,2022/08/12,17:13,2022/08/12,20:13,35,9_5
8_9_5,8d536e0b52994345829f409d27ead5a3,2022/08/12,22:42,2022/08/13,08:24,29,9_5
9_9_5,894396fbb3e844e68e6eafcbb5b7cc92,2022/08/12,17:55,2022/08/12,21:55,32,9_5
9_9_5,56026b00876f4c02bdc2c5f93ab12aad,2022/08/13,00:24,2022/08/13,08:39,25,9_5
10_9_5,e9273b87e3d54cd3b695c741a1a12cf2,2022/08/12,17:48,2022/08/12,20:48,3,9_5
10_9_5,4ff53e12915c493ba48a068470df1bb2,2022/08/13,00:46,2022/08/13,08:23,40,9_5
11_9_5,c2e8f44490c2455396829d24667cd3e1,2022/08/12,17:08,2022/08/12,21:08,8,9_5
11_9_5,8399829c3d0247c4b247af43b07e1a7a,2022/08/13,00:00,2022/08/13,08:44,17,9_5
12_9_5,c00a99e266bd4dbdb5b4bb694348c11f,2022/08/12,17:16,2022/08/12,19:16,19,9_5
12_9_5,9d7f087052f846cf9e55d72a3781a46d,2022/08/12,21:55,2022/08/13,08:49,11,9_5
13_9_5,354553bc0c1b4542afc7f70d6bc47f7b,2022/08/12,17:04,2022/08/12,20:04,21,9_5
13_9_5,ec5b135e27f244358505efa7ed200095,2022/08/12,22:45,2022/08/13,08:35,24,9_5
14_9_5,f33b0b22efe0438d8988be566ba5c668,2022/08/12,17:08,2022/08/12,20:08,29,9_5
14_9_5,3648dcd094d34658a3eabf56431a9d36,2022/08/12,21:40,2022/08/13,08:15,39,9_5
15_9_5,fa38210ab2a64268881e525d92cf9d39,2022/08/12,17:30,2022/08/12,19:30,17,9_5
15_9_5,3702b289185249259537d1968c78ba2e,2022/08/12,22:15,2022/08/13,08:58,3,9_5
16_9_5,afc8532809fe474ea3fc3b36b25f2eda,2022/08/12,17:54,2022/08/12,20:54,1,9_5
16_9_5,d7a8ede657a84603bdfe30cbea6fe3fd,2022/08/13,00:53,2022/08/13,08:45,15,9_5
17_9_5,b204a455203642edae8cdda15c249bb2,2022/08/12,17:16,2022/08/12,19:16,13,9_5
17_9_5,f6601fe83f9940d9a59f595ce5ade4e1,2022/08/12,21:05,2022/08/13,08:44,15,9_5
18_9_5,00679ba6b656404ba39403f715737261,2022/08/12,17:59,2022/08/12,19:59,18,9_5
18_9_5,69b745f3f9bd4caf9ae0d18e3e0883a1,2022/08/12,23:40,2022/08/13,08:48,11,9_5
19_9_5,a92a908b16284d3c9066ea3e6d87a47c,2022/08/12,17:00,2022/08/12,21:00,25,9_5
19_9_5,9e0bed60c54647e98c219538db8375f2,2022/08/12,22:38,2022/08/13,08:39,18,9_5
20_9_5,de2e144512a7485a84aa9d81aeebed71,2022/08/12,17:56,2022/08/12,19:56,16,9_5
20_9_5,7cfad294e1ed4c61a7bf30e72a6f6325,2022/08/12,21:42,2022/08/13,08:21,38,9_5
1_9_5,55e4648c19d048c48b66138175fd5492,2022/08/13,17:24,2022/08/13,20:24,3,9_5
1_9_5,23d11dd74d884b4c9cbfe93cb5f50c4f,2022/08/14,00:22,2022/08/14,08:32,25,9_5
2_9_5,6a147e368df4478aac075cdbb10797cd,2022/08/13,17:17,2022/08/13,19:17,14,9_5
2_9_5,13389263f9e54b55b25b7352807d9f1b,2022/08/13,22:03,2022/08/14,08:40,22,9_5
3_9_5,384fbc8776f34a1399ecb961cff5860f,2022/08/13,17:48,2022/08/13,19:48,13,9_5
3_9_5,e397c63626d04f86bd0fd807707035bb,2022/08/13,23:32,2022/08/14,08:16,42,9_5
4_9_5,9b57950893894c779b27af692a9e7dfa,2022/08/13,17:00,2022/08/13,20:00,1,9_5
4_9_5,bc45c0b6768c47f5a8f45723b270315a,2022/08/13,22:59,2022/08/14,08:56,4,9_5
5_9_5,8ab608979e67485e81fd37b9b3bd1b23,2022/08/13,17:47,2022/08/13,21:47,13,9_5
5_9_5,8d4d2954cd4f4f09898df7b4acbafd4f,2022/08/14,00:33,2022/08/14,08:24,36,9_5
6_9_5,2d176b4dcc4943928f3ba2c34c1c19af,2022/08/13,17:53,2022/08/13,21:53,24,9_5
6_9_5,d1b2f08761734add96dce5d82f0d4935,2022/08/14,00:26,2022/08/14,08:36,22,9_5
7_9_5,eb0c48073c5e4ec58e5bdbc20e9d0a5d,2022/08/13,17:40,2022/08/13,19:40,24,9_5
7_9_5,f2405149c41b46d28adbc25b3e81011e,2022/08/13,23:20,2022/08/14,08:53,8,9_5
8_9_5,2db6d19f0728483a8a1a408e153a9936,2022/08/13,17:19,2022/08/13,19:19,30,9_5
8_9_5,3efd28a5df004ec096fd907d6c729574,2022/08/13,22:48,2022/08/14,08:59,2,9_5
9_9_5,3eeac9d9574e43f68b1068c9361e78e6,2022/08/13,17:33,2022/08/13,20:33,18,9_5
9_9_5,a92f7ecf10e046a9a82cf5c75695e062,2022/08/13,22:15,2022/08/14,08:53,7,9_5
10_9_5,ec43fba3198346e3a8e3424a28751dea,2022/08/13,17:55,2022/08/13,20:55,9,9_5
10_9_5,3a8cf641bfb6449abf622a18ef8310b8,2022/08/14,00:45,2022/08/14,08:44,15,9_5
11_9_5,f0c4dc8c02984eb8b20b92b08b6cc45c,2022/08/13,17:05,2022/08/13,21:05,7,9_5
11_9_5,d17dfad9f9a844d09142c14725b592ce,2022/08/13,23:58,2022/08/14,08:41,22,9_5
12_9_5,934472d33dbc43bb9180133c49c828cc,2022/08/13,17:18,2022/08/13,20:18,16,9_5
12_9_5,2b9e319e905a458eb28367ea8ca3760b,2022/08/14,00:02,2022/08/14,08:05,56,9_5
13_9_5,cfe54c66a005482984c59f6e895b28eb,2022/08/13,17:57,2022/08/13,20:57,24,9_5
13_9_5,1789d9cca69e4a8cbe81dbcee04c9dba,2022/08/13,22:36,2022/08/14,08:51,10,9_5
14_9_5,51ed86d030a1424f81cf3c0c7b16347a,2022/08/13,17:26,2022/08/13,21:26,23,9_5
14_9_5,26ff54640b214b4295f4a66b754508fd,2022/08/13,23:02,2022/08/14,08:32,27,9_5
15_9_5,b0cc66959eba431a8bdf76db5618a435,2022/08/13,17:53,2022/08/13,19:53,4,9_5
15_9_5,9b966ffc46c44df5887e6a361cc84abf,2022/08/13,22:49,2022/08/14,08:31,26,9_5
16_9_5,6784b26a03a248c7b13ff41bc05b1d7b,2022/08/13,17:35,2022/08/13,19:35,11,9_5
16_9_5,841aaf0048424b86b3c4e9e141252dd5,2022/08/13,21:23,2022/08/14,08:27,34,9_5
17_9_5,95be947dd3154368927f6ea3a03394b9,2022/08/13,17:00,2022/08/13,21:00,17,9_5
17_9_5,77cab33555ef4d489065c7c4cbb5487f,2022/08/14,00:42,2022/08/14,08:27,34,9_5
18_9_5,995eeb5f11f2424f9ed00206aa58125d,2022/08/13,17:37,2022/08/13,20:37,19,9_5
18_9_5,c8383e08b6d047e988f384cd6f7ccf3b,2022/08/13,22:17,2022/08/14,07:59,65,9_5
19_9_5,b4f6842d3ad24fdba8b4469205b539c9,2022/08/13,17:26,2022/08/13,21:26,29,9_5
19_9_5,e0faa4ac77c5458b94a1d45c95257d7a,2022/08/13,22:55,2022/08/14,08:01,52,9_5
20_9_5,c53b1e0082014c969fed46b6b291c721,2022/08/13,17:10,2022/08/13,21:10,23,9_5
20_9_5,15c66cd1d324480a812f117daeb14a76,2022/08/13,22:44,2022/08/14,08:54,7,9_5
1_9_5,3b390b88058449118c657fa6cdee02fb,2022/08/14,17:49,2022/08/14,19:49,12,9_5
1_9_5,328066ee1611437391b5bba076c2289e,2022/08/14,22:39,2022/08/15,08:49,10,9_5
2_9_5,ecbedefbd5ac4a36a471dbec44302211,2022/08/14,17:42,2022/08/14,20:42,8,9_5
2_9_5,a39f91b1a3b4476aabaadb84dc83da79,2022/08/15,00:34,2022/08/15,08:48,13,9_5
3_9_5,c8c8eaffab0c415a8a5ef6e7606bc6c1,2022/08/14,17:54,2022/08/14,19:54,8,9_5
3_9_5,dd45fa0210a04947b99887c0c1e64377,2022/08/14,23:47,2022/08/15,08:18,46,9_5
4_9_5,86fd5b321c434735bb413be33978871b,2022/08/14,17:57,2022/08/14,20:57,28,9_5
4_9_5,bd08cba15be24652848e9ce2cdc620b5,2022/08/14,22:27,2022/08/15,08:00,65,9_5
5_9_5,91687615a6fd402ca2846466d2264592,2022/08/14,17:57,2022/08/14,21:57,16,9_5
5_9_5,adb478eb500e4cbdbad8855cbbe322d9,2022/08/14,23:41,2022/08/15,08:51,10,9_5
6_9_5,4abd897348cf42c8991fc57d5cb28d03,2022/08/14,17:14,2022/08/14,21:14,31,9_5
6_9_5,42e660197b014f8da3acfa74580e8914,2022/08/14,23:47,2022/08/15,08:21,35,9_5
7_9_5,c129b005ef26480f8a4ca1f74ff7273f,2022/08/14,17:44,2022/08/14,19:44,23,9_5
7_9_5,1b1859783f744b90b76edb5c024fc0ff,2022/08/14,23:18,2022/08/15,08:44,17,9_5
8_9_5,6175e35d43694c0981b9ed904002ab66,2022/08/14,17:29,2022/08/14,21:29,15,9_5
8_9_5,27c461bfa34747919f27514acec20e4d,2022/08/14,23:13,2022/08/15,08:27,31,9_5
9_9_5,0c5afb6339484904a49e303577882d8b,2022/08/14,17:23,2022/08/14,21:23,9,9_5
9_9_5,a8792512818b4e898b06cdae9eafed3e,2022/08/14,23:14,2022/08/15,08:12,45,9_5
10_9_5,bfaff437b8af4805aa3df1ce03ec4e7b,2022/08/14,17:37,2022/08/14,21:37,25,9_5
10_9_5,bf96f2fc60af41c8b4801b176a8d8f41,2022/08/15,00:08,2022/08/15,08:15,37,9_5
11_9_5,b16d7e83bb07422ab488c92dedc7f32e,2022/08/14,17:28,2022/08/14,20:28,20,9_5
11_9_5,5487866acbdd439089cf9035049ad920,2022/08/14,23:05,2022/08/15,08:25,33,9_5
12_9_5,989a761cd55a42deb194e77a91520b39,2022/08/14,17:29,2022/08/14,20:29,16,9_5
12_9_5,8099923f2ec048e7a1da7ffa50bc46dd,2022/08/14,23:15,2022/08/15,08:16,44,9_5
13_9_5,c66f3e6f914144c0823d304b48289547,2022/08/14,17:10,2022/08/14,21:10,32,9_5
13_9_5,d22500544bb144a681083377141705bc,2022/08/15,00:41,2022/08/15,08:06,46,9_5
14_9_5,23189f9481e54c498afe1bff8266de43,2022/08/14,17:57,2022/08/14,21:57,27,9_5
14_9_5,e9b1bd4447b0441198b290e173dc5708,2022/08/15,01:31,2022/08/15,08:29,30,9_5
15_9_5,de23d154e6ce4d5ab330b8b1abfc2c56,2022/08/14,17:46,2022/08/14,20:46,6,9_5
15_9_5,2c5403f6afe24bb987c3b0c1251219ff,2022/08/14,22:41,2022/08/15,08:56,4,9_5
16_9_5,56cc83c84c16479da96453b218a2141d,2022/08/14,17:44,2022/08/14,21:44,6,9_5
16_9_5,52656c7567334b0c9c4595d1017cca3b,2022/08/15,00:38,2022/08/15,08:00,72,9_5
17_9_5,efcc5e9b1fe240b094bf2bd0ac6742d3,2022/08/14,17:17,2022/08/14,20:17,9,9_5
17_9_5,19c9f225f2bd416c890b0000d95bee55,2022/08/14,23:10,2022/08/15,08:18,41,9_5
18_9_5,18ddd6a85bea4db39f54ef067da7ce72,2022/08/14,17:22,2022/08/14,19:22,23,9_5
18_9_5,54b773ef03b546a38cc5622149411163,2022/08/14,22:59,2022/08/15,08:51,8,9_5
19_9_5,ca482777eaa643c480c2ee5c80d20f86,2022/08/14,18:01,2022/08/14,20:01,11,9_5
19_9_5,d5c6e9b4218a4fe680a2b417926153ec,2022/08/14,21:51,2022/08/15,08:20,40,9_5
20_9_5,12159838aaa34a7daf92c17fd06a0f0f,2022/08/14,17:46,2022/08/14,21:46,5,9_5
20_9_5,3b37de009b9b4418aa883b062975b4fa,2022/08/14,23:42,2022/08/15,08:21,43,9_5
1_nurse,6e8da38033ae49edaaf1a15f54c77d47,2022/08/08,09:54,2022/08/08,12:54,25,nurse
1_nurse,b3cbc197bbd94ae8b4ea77cdb4de2350,2022/08/08,14:32,2022/08/09,00:02,68,nurse
2_nurse,86feaff02bf84b39a00bde6ef6854b12,2022/08/08,09:43,2022/08/08,13:43,27,nurse
2_nurse,665400befdc04959a16c149cc7e8e2c8,2022/08/08,15:20,2022/08/09,00:04,66,nurse
3_nurse,53d7884a8e40408d9940dbc56ad32d1f,2022/08/08,09:24,2022/08/08,11:24,26,nurse
3_nurse,1937c8ea3f8b4ae08d83a79447d5661c,2022/08/08,12:53,2022/08/09,00:12,41,nurse
4_nurse,6c8cbd578c2b45de96b9853487d2a3ef,2022/08/08,09:26,2022/08/08,12:26,11,nurse
4_nurse,6a000a5d4b604d06908ce5589360f71c,2022/08/08,14:13,2022/08/09,00:18,47,nurse
5_nurse,79c0c636b5ae4095a4d7baec94a6ed30,2022/08/08,09:47,2022/08/08,11:47,12,nurse
5_nurse,adb0caf7f5aa44a4bbb4e992e2d5e423,2022/08/08,13:36,2022/08/09,00:19,47,nurse
6_nurse,49f2be0047cc47019417be10b186827a,2022/08/08,09:49,2022/08/08,12:49,10,nurse
6_nurse,bce4c7bf3fbd4f0e96751a6cec69c974,2022/08/08,15:37,2022/08/09,00:49,12,nurse
7_nurse,0d62c375c78c4612bfa2eddecdc9f62f,2022/08/08,09:51,2022/08/08,13:51,8,nurse
7_nurse,3ae1a37a7e1b4e1baec56d75498aac1c,2022/08/08,15:45,2022/08/09,00:58,3,nurse
8_nurse,1aa81f30b20f4193bb2bac5cb9f100cd,2022/08/08,09:07,2022/08/08,12:07,25,nurse
8_nurse,9f948de71aad4b99b4bbb35b1007818e,2022/08/08,15:41,2022/08/09,00:37,27,nurse
9_nurse,e96ce2bc72d149b280726ee5d88b389f,2022/08/08,09:57,2022/08/08,11:57,1,nurse
9_nurse,d9a10c3d43bd48e78bd5a5eab3ad9798,2022/08/08,13:57,2022/08/09,00:24,34,nurse
10_nurse,dca2efbabc3044549f4f8f7bd66997eb,2022/08/08,09:34,2022/08/08,12:34,1,nurse
10_nurse,e432629b1aed434ea18fb6291a83a629,2022/08/08,14:34,2022/08/09,01:00,1,nurse
1_nurse,041dafe2d11c42a08ac59301570061c1,2022/08/09,09:41,2022/08/09,12:41,29,nurse
1_nurse,2fc55d8493e443cbb18b0031a078e619,2022/08/09,15:16,2022/08/10,00:07,44,nurse
2_nurse,afd3855436e04a22870e2e2e24414094,2022/08/09,09:35,2022/08/09,13:35,28,nurse
2_nurse,b0a5db0ce3d745319ae12575cb5742b6,2022/08/09,15:11,2022/08/10,00:14,51,nurse
3_nurse,6eb79a9877b04fb5a2cb107bf8b208a3,2022/08/09,09:21,2022/08/09,11:21,17,nurse
3_nurse,74c675dbaaa144bb9dd6dd38240e1011,2022/08/09,14:01,2022/08/10,00:24,31,nurse
4_nurse,87a0b209750447cdafdc2279160ffb5a,2022/08/09,09:02,2022/08/09,13:02,2,nurse
4_nurse,e9c944e33e58451dac56c10d403fc56e,2022/08/09,15:00,2022/08/10,00:34,29,nurse
5_nurse,909bd944c98e4fb5a38473ae3dd5bd5b,2022/08/09,09:50,2022/08/09,11:50,6,nurse
5_nurse,5abe104123d446e78f9ad09547073ba1,2022/08/09,13:45,2022/08/10,00:32,29,nurse
6_nurse,346f4f6ac24f41e5bebea681534bcfb0,2022/08/09,09:36,2022/08/09,11:36,26,nurse
6_nurse,9fed8bfd0ff3485487675ca3fe16af17,2022/08/09,14:10,2022/08/10,00:56,5,nurse
7_nurse,27da9bbddb1d49f6b285694df5794409,2022/08/09,09:18,2022/08/09,13:18,7,nurse
7_nurse,087e9b43e7a244fd8670dc3f3d7d32d0,2022/08/09,16:12,2022/08/10,00:58,3,nurse
8_nurse,2abde03c9cc8465c9731c10d19932493,2022/08/09,09:39,2022/08/09,11:39,35,nurse
8_nurse,c876da4953174e97a6ca2c5084936f99,2022/08/09,14:09,2022/08/10,00:37,21,nurse
9_nurse,2abb2499bc7b4111b65fea1895957448,2022/08/09,09:49,2022/08/09,13:49,27,nurse
9_nurse,553e529b0019480ba9d11a877dfa938e,2022/08/09,15:24,2022/08/10,00:33,30,nurse
10_nurse,c4b07e30c9054b10bd4768f7f40ac4be,2022/08/09,09:36,2022/08/09,13:36,4,nurse
10_nurse,75e16ac641e84f11b8bf318e52e9481a,2022/08/09,15:33,2022/08/10,00:03,52,nurse
1_nurse,7ccfb0d7625b41459ff385654cd82cf3,2022/08/10,09:24,2022/08/10,13:24,12,nurse
1_nurse,66dbdcb948b847efaa976d050d566b5c,2022/08/10,17:10,2022/08/11,00:29,27,nurse
2_nurse,b1face2b35994f7b99c72a07c06d79d3,2022/08/10,09:18,2022/08/10,12:18,3,nurse
2_nurse,c31f59ed3c10485ea6143912cd2f4d41,2022/08/10,15:16,2022/08/11,00:22,36,nurse
3_nurse,086696a3dfb2445e95a23b3f736f0292,2022/08/10,09:12,2022/08/10,12:12,25,nurse
3_nurse,7cc9e906ddc945cb9ce4c11743583d05,2022/08/10,14:43,2022/08/11,00:10,60,nurse
4_nurse,577a0d4718ee43ca90239659c299f483,2022/08/10,09:48,2022/08/10,11:48,14,nurse
4_nurse,166c1da452604578a42c4f91ad40c70f,2022/08/10,15:33,2022/08/11,00:46,16,nurse
5_nurse,f400089aa17240f79694cbfe65c0ee4b,2022/08/10,09:38,2022/08/10,11:38,24,nurse
5_nurse,16e46b7b00004eee83e1f91f8ced2f3c,2022/08/10,14:16,2022/08/11,00:41,21,nurse
6_nurse,642a67762940459caa556b38ec9736bb,2022/08/10,09:01,2022/08/10,12:01,19,nurse
6_nurse,194cb44ad49b423e9b4b511ac62b2070,2022/08/10,13:45,2022/08/11,00:07,61,nurse
7_nurse,1d118ef0a8364e1eb7af1974f2e01041,2022/08/10,09:12,2022/08/10,11:12,16,nurse
7_nurse,544f4badc7ec47f5beee288212b63860,2022/08/10,13:55,2022/08/11,00:28,35,nurse
8_nurse,932468553a834149b49cba4c953b7f7f,2022/08/10,09:24,2022/08/10,12:24,23,nurse
8_nurse,f7910106902f4dfb8b2429c2b373950b,2022/08/10,15:02,2022/08/11,00:03,51,nurse
9_nurse,6e1d357aacf341939eafc338490f5c6f,2022/08/10,09:37,2022/08/10,12:37,11,nurse
9_nurse,0795e20fcef44b278a8ae1587ed04792,2022/08/10,14:25,2022/08/11,00:47,14,nurse
10_nurse,bbda8b8e50274cb7a83a39f15a3c346f,2022/08/10,09:16,2022/08/10,13:16,31,nurse
10_nurse,e3d9b572af9b4cbe95c20a28f751e32d,2022/08/10,14:50,2022/08/11,00:12,47,nurse
1_nurse,ac2cedb63a3d443cb767f3eab3c832e4,2022/08/11,09:55,2022/08/11,11:55,17,nurse
1_nurse,50382112bed447d8b256abb0da05a41d,2022/08/11,15:38,2022/08/12,00:21,38,nurse
2_nurse,99322851abb441398fb9a1ba8bae4d47,2022/08/11,09:02,2022/08/11,11:02,20,nurse
2_nurse,ed28caf98a044a8392231e50c9b1e9e9,2022/08/11,14:41,2022/08/12,00:38,22,nurse
3_nurse,4338f14fb09640118cc36a371c1e34e7,2022/08/11,09:41,2022/08/11,13:41,16,nurse
3_nurse,d3c4809f041f4faeacc058ab76564f10,2022/08/11,17:24,2022/08/12,00:03,68,nurse
4_nurse,27b912579bb548e7af5c9abc2e291e13,2022/08/11,10:01,2022/08/11,13:01,19,nurse
4_nurse,fc093e8b6320459587e68430dc96f0b4,2022/08/11,14:42,2022/08/11,23:59,57,nurse
5_nurse,dec7a99ad0c140948e68d34663e43e1d,2022/08/11,09:37,2022/08/11,12:37,12,nurse
5_nurse,6af125d408f448049872c56c3f7e9b97,2022/08/11,16:24,2022/08/12,00:33,29,nurse
6_nurse,d758d5607ca1487588b1c04bfb7c5002,2022/08/11,09:00,2022/08/11,13:00,17,nurse
6_nurse,09cb7604c31d4f51a9a62d4307a07302,2022/08/11,15:43,2022/08/12,00:07,43,nurse
7_nurse,75219ddca5384776ab6bc72f30d34b45,2022/08/11,09:07,2022/08/11,11:07,31,nurse
7_nurse,62e79b67fdb343a198b3d5098ea6c653,2022/08/11,12:41,2022/08/12,00:57,3,nurse
8_nurse,7df97b3f41f34f1c8ed6731cd5873483,2022/08/11,09:26,2022/08/11,12:26,1,nurse
8_nurse,1b50a38d3c034befac72df8d0abd1020,2022/08/11,14:26,2022/08/12,00:35,23,nurse
9_nurse,78e6550b643b46d9ba9eaa43522ffbe2,2022/08/11,09:41,2022/08/11,13:41,9,nurse
9_nurse,ac99a29b47e446ae934b60dfba85af24,2022/08/11,16:32,2022/08/12,00:49,11,nurse
10_nurse,965850f71a1b4f1587e81504aba0206e,2022/08/11,09:00,2022/08/11,11:00,6,nurse
10_nurse,c74c7a1ab48647e59fa924a357480c5c,2022/08/11,12:55,2022/08/12,00:55,6,nurse
11_nurse,e817eef0822a4b9a900f0f8a0de0caf2,2022/08/08,17:59,2022/08/08,19:59,10,nurse
11_nurse,ed00ef7740fb4f66afbc1da20f893b76,2022/08/08,22:51,2022/08/09,08:44,16,nurse
12_nurse,2a14ec2e43b04174bbb7680a76541ad3,2022/08/08,17:49,2022/08/08,21:49,3,nurse
12_nurse,3011f5b1b4b044329671108dff8e20ce,2022/08/08,23:47,2022/08/09,08:59,1,nurse
13_nurse,9921ea0a6a57432bb2d3aac2c3ce8629,2022/08/08,17:28,2022/08/08,20:28,12,nurse
13_nurse,03a4fc522bda4f30864ebce78db91d6e,2022/08/08,23:18,2022/08/09,08:15,51,nurse
14_nurse,d9a85bbe09c447e8b51f590d4e6e2adb,2022/08/08,17:30,2022/08/08,20:30,4,nurse
14_nurse,dd640d79ea724701bca7c117790be74d,2022/08/08,23:27,2022/08/09,08:54,6,nurse
15_nurse,d2577fd3dd6c457b90215036937d3e0c,2022/08/08,17:03,2022/08/08,20:03,9,nurse
15_nurse,cea2f60ca40443bc921ff16b5560965d,2022/08/08,21:56,2022/08/09,08:46,17,nurse
16_nurse,ad9a573d1af24dabb019e7ac38a70a7e,2022/08/08,17:29,2022/08/08,20:29,29,nurse
16_nurse,2943d3b8d84949b39c5f20cf2af76681,2022/08/08,22:03,2022/08/09,08:56,4,nurse
17_nurse,8f18a2cbc8b5456586217795d0262e5e,2022/08/08,17:41,2022/08/08,21:41,31,nurse
17_nurse,6ae36d659b4a4b12b05c74c93e49e336,2022/08/09,01:10,2022/08/09,08:25,41,nurse
18_nurse,c55c117417034da1b074dd7c82e0cd07,2022/08/08,17:19,2022/08/08,21:19,19,nurse
18_nurse,9d8200d3a91143ed8ee1cf4c8b79f78c,2022/08/09,00:57,2022/08/09,08:54,7,nurse
19_nurse,8cb3395185e44ae48a5e40dc0d1d4b76,2022/08/08,17:42,2022/08/08,20:42,16,nurse
19_nurse,9d5621b3764242d69b70acbb7c7da256,2022/08/08,23:28,2022/08/09,08:12,45,nurse
20_nurse,aa638b08a00d431b85ae530ebd5b54c3,2022/08/08,17:03,2022/08/08,21:03,6,nurse
20_nurse,4bf861dc0ad24267bc21ee9eee1ddff2,2022/08/09,00:57,2022/08/09,08:23,41,nurse
11_nurse,2a1f7c8b642449cc8f8684961d48a02f,2022/08/09,17:10,2022/08/09,19:10,2,nurse
11_nurse,1b3b5e078eac436ca7ac249252808854,2022/08/09,23:08,2022/08/10,08:07,49,nurse
12_nurse,20c05db46121443791bdbfd66e00e1a8,2022/08/09,17:39,2022/08/09,19:39,8,nurse
12_nurse,795db98193c54bad8d0d7e3945cb2b28,2022/08/09,21:33,2022/08/10,08:11,54,nurse
13_nurse,d01fb9fa91e149b19c885fb9ae372a1c,2022/08/09,17:19,2022/08/09,20:19,22,nurse
13_nurse,fc3b573a30ea4209a819ca444d3ea9fc,2022/08/09,22:00,2022/08/10,08:36,22,nurse
14_nurse,41c8339294f54bb0a5fb708dc660dc6c,2022/08/09,17:16,2022/08/09,21:16,24,nurse
14_nurse,40cdf013fdce4e8fabbbe382ae62b32c,2022/08/09,22:51,2022/08/10,07:59,66,nurse
15_nurse,2aa26facb73146eb8eba2c3ab9b26f48,2022/08/09,17:58,2022/08/09,21:58,12,nurse
15_nurse,08a6dae2ae22401db803a823081969f0,2022/08/10,00:47,2022/08/10,08:56,4,nurse
16_nurse,255f1bfa4ec446d4af80a472205df46e,2022/08/09,17:37,2022/08/09,21:37,6,nurse
16_nurse,63b8035f78ee403587ecac57e8916206,2022/08/10,01:31,2022/08/10,08:23,39,nurse
17_nurse,412291c4728548088f38f7d26fefa140,2022/08/09,17:44,2022/08/09,20:44,3,nurse
17_nurse,d0a87072769d44b196cf92cca87aeda4,2022/08/09,22:41,2022/08/10,08:12,44,nurse
18_nurse,9bb025e64bf244e49d4db6eca20aad9e,2022/08/09,17:05,2022/08/09,21:05,8,nurse
18_nurse,ce0ba362b36d4e85a10d85a4449050fb,2022/08/09,22:57,2022/08/10,08:15,48,nurse
19_nurse,c2c27a30df354277a3d3a4721d5f36a5,2022/08/09,17:10,2022/08/09,19:10,30,nurse
19_nurse,745280351af0408fbb349a5a354c7ef0,2022/08/09,22:41,2022/08/10,08:35,28,nurse
20_nurse,707f8d4f1ff44e30bb4195942c633144,2022/08/09,17:50,2022/08/09,21:50,13,nurse
20_nurse,3b91e74992004c4fba2c7819bbd01e90,2022/08/10,01:36,2022/08/10,08:21,40,nurse
11_nurse,328e6047235549ed9ced058ffc8c79fb,2022/08/10,17:56,2022/08/10,20:56,2,nurse
11_nurse,7ec4c34907cf4319ab61f9f5d3fd9312,2022/08/10,22:54,2022/08/11,08:19,49,nurse
12_nurse,70dd892021be4322b086cfe801643536,2022/08/10,17:29,2022/08/10,20:29,11,nurse
12_nurse,f3f4a5dfc71d4d9eb869ad8e24ef1011,2022/08/10,23:17,2022/08/11,08:47,14,nurse
13_nurse,8072df92e71b4f3c925429ea5716c079,2022/08/10,17:11,2022/08/10,21:11,24,nurse
13_nurse,0b9583a829ba45e09ae84458a5ee9818,2022/08/10,22:48,2022/08/11,08:58,3,nurse
14_nurse,fd3fc42f41784e2b9aa02a4988c565eb,2022/08/10,18:01,2022/08/10,22:01,5,nurse
14_nurse,164956a9f1b84df9915cb2ff0a241ed4,2022/08/10,23:56,2022/08/11,08:07,63,nurse
15_nurse,21b59430d52a4d4a9d020efc8fc3ab48,2022/08/10,17:26,2022/08/10,19:26,7,nurse
15_nurse,aebc7e4a1f42442d878955ff4a9e9b0b,2022/08/10,23:18,2022/08/11,08:12,39,nurse
16_nurse,a08740093ff24c16ae58e452a2a740f3,2022/08/10,17:48,2022/08/10,19:48,6,nurse
16_nurse,4fea3e9163124a35b277911a65db07dd,2022/08/10,21:43,2022/08/11,08:00,51,nurse
17_nurse,328d3a3fedfd423b92ee483b2c678a51,2022/08/10,17:39,2022/08/10,19:39,12,nurse
17_nurse,2c01c0005a9341b79f28c7169fa2001e,2022/08/10,21:27,2022/08/11,08:51,8,nurse
18_nurse,a24c53834f6648f097822ec219147941,2022/08/10,17:21,2022/08/10,19:21,24,nurse
18_nurse,fa9ff08739ab43b88c8454663b20c48e,2022/08/10,20:59,2022/08/11,08:19,37,nurse
19_nurse,7c880be424794de29a26ca1c154e5a55,2022/08/10,17:30,2022/08/10,21:30,14,nurse
19_nurse,3b06fcc8bd5644ff9fef769051b9756f,2022/08/10,23:17,2022/08/11,08:50,11,nurse
20_nurse,6728449a8bf248f4a5f67569373c9e76,2022/08/10,17:28,2022/08/10,20:28,18,nurse
20_nurse,e42406bc49564ac39f9601122e51235c,2022/08/10,23:13,2022/08/11,08:55,6,nurse
11_nurse,52ffc5e60a574458b86e8bb4678684d3,2022/08/11,17:46,2022/08/11,20:46,15,nurse
11_nurse,b01d2c5d5c17426889a453c07427f8e7,2022/08/12,00:32,2022/08/12,08:58,2,nurse
12_nurse,cc6069d6fea24fb78ed9e0f67d4a98ad,2022/08/11,17:17,2022/08/11,20:17,26,nurse
12_nurse,49c6aa869a174f2d9bbbf64e85f1e6c8,2022/08/11,23:52,2022/08/12,08:53,7,nurse
13_nurse,ef8af0adb8314c349a96b5bc42e51b50,2022/08/11,17:12,2022/08/11,20:12,5,nurse
13_nurse,7637f274f1e8412cbe3b5053321bb365,2022/08/11,22:08,2022/08/12,08:48,14,nurse
14_nurse,01d06ff1085b447b82fb3a801164fddb,2022/08/11,17:36,2022/08/11,19:36,30,nurse
14_nurse,a479317d99fd4162bac34b7f31f0f936,2022/08/11,21:08,2022/08/12,08:57,4,nurse
15_nurse,5ff53bc3a4c5426698ee0f7cde7b8b07,2022/08/11,17:07,2022/08/11,20:07,27,nurse
15_nurse,c38b0274dc194cc4868e2b0c06d7135e,2022/08/11,22:36,2022/08/12,08:58,2,nurse
16_nurse,a7c356876ba8415eabdc46172a73cc59,2022/08/11,17:21,2022/08/11,20:21,12,nurse
16_nurse,de3394959d6247bfbd37164e15dc32d1,2022/08/11,23:10,2022/08/12,08:14,49,nurse
17_nurse,4552b111a483437c9054c8ab8f07d6e4,2022/08/11,17:49,2022/08/11,20:49,22,nurse
17_nurse,951ca06cdc594897bb704df44d04407e,2022/08/12,00:24,2022/08/12,08:29,28,nurse
18_nurse,8302e721cc16461fb13c53fe2d020613,2022/08/11,17:03,2022/08/11,21:03,28,nurse
18_nurse,914e9a7cb71c4d9d82a492b3a6b4102f,2022/08/11,22:33,2022/08/12,08:49,12,nurse
19_nurse,0226d0aed3f2486aa862909cfb4df51a,2022/08/11,17:18,2022/08/11,20:18,7,nurse
19_nurse,6191e1415f3146b5b8ee01753f2ca31a,2022/08/12,00:11,2022/08/12,08:29,29,nurse
20_nurse,f3806cd89f2d4980b8dac78739c7f9c1,2022/08/11,17:04,2022/08/11,21:04,26,nurse
20_nurse,c09028717b5a497ca646b7f1a514fe81,2022/08/11,22:38,2022/08/12,08:08,56,nurse
11_nurse,d72044ec80b6432fb9f3fbdee7b9ba23,2022/08/12,21:16,2022/08/13,01:16,9,nurse
11_nurse,f5ba783cb392420f8988908e34d9d389,2022/08/13,05:06,2022/08/13,12:11,51,nurse
12_nurse,d045688574e54ff59ce8ca7de4b09570,2022/08/12,21:31,2022/08/13,00:31,4,nurse
12_nurse,dd8179948a624524b831c7b03d6c07dc,2022/08/13,04:28,2022/08/13,12:13,51,nurse
13_nurse,78dbe7947d304020a5ae1a0c6e78175a,2022/08/12,21:50,2022/08/13,01:50,28,nurse
13_nurse,94f5af7196224a00b29d20fa516e02b5,2022/08/13,05:21,2022/08/13,12:22,42,nurse
14_nurse,917280d1530347db841672156b46456c,2022/08/12,21:42,2022/08/13,01:42,5,nurse
14_nurse,5a816468abd24a83a9aab0928e47c42d,2022/08/13,04:38,2022/08/13,12:21,47,nurse
15_nurse,b4b075e7f0fe4c5f9ff3259ece288623,2022/08/12,21:49,2022/08/13,00:49,15,nurse
15_nurse,af38633c2e924e08a66697a3c6d274a8,2022/08/13,02:35,2022/08/13,12:42,21,nurse
16_nurse,f9db97faa33244c0a55ec773543136e4,2022/08/12,21:02,2022/08/13,01:02,25,nurse
16_nurse,04fff2622ab94753a7f88cc649fde1e5,2022/08/13,03:40,2022/08/13,12:39,24,nurse
17_nurse,bcbfe468e32147c6af2d99a99a0f91d4,2022/08/12,21:48,2022/08/12,23:48,9,nurse
17_nurse,0792071e24c744a5a5e1d9dd4b6b1650,2022/08/13,01:40,2022/08/13,12:28,26,nurse
18_nurse,b6632c140a594c5582de98666f06f1ac,2022/08/12,21:00,2022/08/13,00:00,24,nurse
18_nurse,21593c50d1e447978ae105e4d1e47394,2022/08/13,01:40,2022/08/13,12:56,4,nurse
19_nurse,680c852887e94175ba885cffc0973d1d,2022/08/12,21:54,2022/08/13,01:54,14,nurse
19_nurse,470f6a875f334a6f9ada4b938f986757,2022/08/13,03:40,2022/08/13,12:32,23,nurse
20_nurse,5650ba0352844d1e91ae045dc5889b8d,2022/08/12,21:29,2022/08/13,00:29,12,nurse
20_nurse,3ebbe234537647f3a7f21b9deeb41ff6,2022/08/13,03:18,2022/08/13,12:39,21,nurse
11_nurse,715c5382f70b4dc787fbd2727ba0ce9f,2022/08/13,21:35,2022/08/14,00:35,20,nurse
11_nurse,4d0f148976324214b870ca14d8310093,2022/08/14,04:12,2022/08/14,12:39,18,nurse
12_nurse,95145491f13840138c4571e9ba74d65c,2022/08/13,21:17,2022/08/13,23:17,4,nurse
12_nurse,04c4bb360d04425a911fd8df71349f13,2022/08/14,01:14,2022/08/14,12:26,37,nurse
13_nurse,fccfc769eb9a402f9b49907604648793,2022/08/13,21:58,2022/08/14,01:58,11,nurse
13_nurse,4e95d59079124563b1fa9e4692eb2533,2022/08/14,03:48,2022/08/14,12:41,16,nurse
14_nurse,f8a8aed7932b46b8b3fc8ad7e0ae3efe,2022/08/13,21:44,2022/08/14,01:44,38,nurse
14_nurse,e447fd4c99554316bcab242dac3582e2,2022/08/14,04:13,2022/08/14,12:16,41,nurse
15_nurse,9c04a6582014475eb92506d3f5ba613f,2022/08/13,21:43,2022/08/14,00:43,16,nurse
15_nurse,b6ab56a167174db6a1407393d8520e98,2022/08/14,04:28,2022/08/14,12:44,19,nurse
16_nurse,ab5a8dd39fd846fa8dc355b96cf335d1,2022/08/13,21:33,2022/08/14,01:33,23,nurse
16_nurse,b4da0e09696442ebadfdc4293557bdf3,2022/08/14,03:11,2022/08/14,12:55,5,nurse
17_nurse,d33501e3c5a84713b3036ed4dbd51012,2022/08/13,21:30,2022/08/14,00:30,34,nurse
17_nurse,0eb30f7e505942459a2ac3aa1bfca97d,2022/08/14,02:59,2022/08/14,12:12,40,nurse
18_nurse,e977e351b8a54d91a88fbb8a04e219d0,2022/08/13,21:34,2022/08/13,23:34,35,nurse
18_nurse,d0da833015b24291becd3e243d6f6bf7,2022/08/14,02:04,2022/08/14,12:34,24,nurse
19_nurse,31ea1f776d5b4913b0328c994c88ea9f,2022/08/13,21:44,2022/08/14,00:44,24,nurse
19_nurse,3245be8957a44948942d10ef76c70f42,2022/08/14,04:24,2022/08/14,12:42,20,nurse
20_nurse,9e9ef1058a0d45a4801e782bc4d68107,2022/08/13,21:24,2022/08/13,23:24,30,nurse
20_nurse,d163da6d581c4942b90eeb5d7ec91e1b,2022/08/14,00:54,2022/08/14,12:44,15,nurse
11_nurse,48ea1964390c48f5a42e3f0f5c4cc0ed,2022/08/14,21:30,2022/08/14,23:30,15,nurse
11_nurse,0ff07eab6f364a02b9dbfd402d29d2ed,2022/08/15,02:18,2022/08/15,12:51,10,nurse
12_nurse,cde19a4cb6ec478e8e73f3dd55cef1c1,2022/08/14,21:58,2022/08/15,01:58,25,nurse
12_nurse,8b633d7441cb4cd2b9961e8f0ca05d3b,2022/08/15,05:37,2022/08/15,12:14,48,nurse
13_nurse,f35fd7d1ed32434ea3fa3bc1bed18c62,2022/08/14,21:02,2022/08/15,00:02,11,nurse
13_nurse,148ff6316bc74b848bd60ed0aa9c24ca,2022/08/15,02:53,2022/08/15,12:46,12,nurse
14_nurse,cdbba235bd5f453f8900102c9a1df0bd,2022/08/14,21:37,2022/08/15,00:37,15,nurse
14_nurse,9c255a6cc1a24713bc415575a049092a,2022/08/15,03:25,2022/08/15,12:34,22,nurse
15_nurse,78f48259545e45afa94c3a396181ee6a,2022/08/14,21:18,2022/08/15,01:18,15,nurse
15_nurse,600f69498f1e4f4bbe9aba7c5b6115f7,2022/08/15,05:05,2022/08/15,12:45,15,nurse
16_nurse,8cf1c248d39148c3909476dadc6fe135,2022/08/14,21:50,2022/08/15,01:50,7,nurse
16_nurse,67bc2a925c9e4a28bf7e18ef7e9006f2,2022/08/15,03:44,2022/08/15,12:10,44,nurse
17_nurse,21fec2e8bc964530b1caeb163577b698,2022/08/14,21:32,2022/08/15,01:32,29,nurse
17_nurse,25b3e602951348dfb0dbd60321cedda4,2022/08/15,05:01,2022/08/15,12:36,22,nurse
18_nurse,cda0279ab8fa4a11a9c91b98dc7604bc,2022/08/14,21:35,2022/08/14,23:35,26,nurse
18_nurse,34d1a2c9010b4f77911b5f69ce2603c8,2022/08/15,01:08,2022/08/15,12:00,71,nurse
19_nurse,a31473ee35784327b260424ce54f6b10,2022/08/14,21:53,2022/08/15,00:53,29,nurse
19_nurse,08ba36e442e34f61bd7e07fb12d9966f,2022/08/15,02:25,2022/08/15,12:57,4,nurse
20_nurse,521399694ffe4042abedb6170f78e236,2022/08/14,21:30,2022/08/15,01:30,21,nurse
20_nurse,9d44d2b931ad4ec2bd418f37d56fda2b,2022/08/15,05:06,2022/08/15,12:47,12,nurse
1_nurse,c5f5c9fa1db94b648180bcd9378bd11a,2022/08/12,17:07,2022/08/12,19:07,25,nurse
1_nurse,ed0f3c568a974be5967fd4d184a0f48d,2022/08/12,21:38,2022/08/13,08:48,15,nurse
2_nurse,90559dbf0c45419997b0ba52295fbdc1,2022/08/12,17:12,2022/08/12,19:12,5,nurse
2_nurse,c825422d63134eee97ac0a60b052b815,2022/08/12,21:08,2022/08/13,08:47,14,nurse
3_nurse,e6a6917960b1413489273fbcd837af22,2022/08/12,17:25,2022/08/12,20:25,14,nurse
3_nurse,2d89c5e2fe9042be8f52ee6b14571654,2022/08/12,23:11,2022/08/13,08:03,51,nurse
4_nurse,00b9710e78614cea8413aa37ad528a85,2022/08/12,17:27,2022/08/12,19:27,13,nurse
4_nurse,9bf2a760f5f9462bb752434caa91ea6e,2022/08/12,21:16,2022/08/13,08:50,9,nurse
5_nurse,3828e444011140e9bc233834a26ec906,2022/08/12,17:14,2022/08/12,20:14,5,nurse
5_nurse,7546858e76e04302ae30003e9a0ba196,2022/08/13,00:10,2022/08/13,08:38,23,nurse
6_nurse,abe4dde3d03e4097ab9e8ec3e469c589,2022/08/12,17:08,2022/08/12,19:08,20,nurse
6_nurse,b444e55257734aa2bf219188b1313424,2022/08/12,20:44,2022/08/13,08:02,61,nurse
7_nurse,8d5a4b0567084d5ea5d336e85ea2d7ed,2022/08/12,17:21,2022/08/12,20:21,6,nurse
7_nurse,f4c697941970499c8008725c68deaf26,2022/08/12,22:15,2022/08/13,08:53,9,nurse
8_nurse,718b0b2a739742a99e221654ad9dc1b4,2022/08/12,17:19,2022/08/12,20:19,15,nurse
8_nurse,38547d9115494321b30f59b846a64c97,2022/08/12,23:04,2022/08/13,08:19,42,nurse
9_nurse,fd484c2f22d94d79ae33408c6aa66fab,2022/08/12,17:21,2022/08/12,19:21,14,nurse
9_nurse,386010c76931473785f62db270cd5dc7,2022/08/12,21:07,2022/08/13,08:04,68,nurse
10_nurse,38ddb89a4a244de799e64ef8a8d37f93,2022/08/12,17:27,2022/08/12,21:27,5,nurse
10_nurse,22620294d7b34e8b896dfe909c93c37b,2022/08/12,23:23,2022/08/13,08:37,23,nurse
1_nurse,ca9072e169404016b4b1698ce64d7321,2022/08/13,17:19,2022/08/13,20:19,28,nurse
1_nurse,36a3a3e7a58b455d81d0835f7d654e25,2022/08/13,22:52,2022/08/14,08:03,69,nurse
2_nurse,4642ad30d57d4923a25cb5986f0685e2,2022/08/13,17:27,2022/08/13,19:27,20,nurse
2_nurse,13a13b441ed54d418377154786f70d80,2022/08/13,23:10,2022/08/14,08:48,12,nurse
3_nurse,1001f7cea5044e22b8238f3a580874f5,2022/08/13,17:00,2022/08/13,20:00,28,nurse
3_nurse,29a2629b76c24ee087f7a1236555e2a5,2022/08/13,22:29,2022/08/14,08:22,46,nurse
4_nurse,1ed7ee9c458c4de4baa9a89001978320,2022/08/13,17:17,2022/08/13,20:17,15,nurse
4_nurse,d8dca17eb9494c999ce189830222ebeb,2022/08/14,00:04,2022/08/14,08:02,67,nurse
5_nurse,79b9b7df7ef848f6a6cd0a487e74d9b3,2022/08/13,17:19,2022/08/13,20:19,10,nurse
5_nurse,7cf917f01662463295e0bd1934dbed96,2022/08/13,22:09,2022/08/14,08:08,49,nurse
6_nurse,aba6fe679325404fb4b02179b4bfd9a1,2022/08/13,17:08,2022/08/13,20:08,20,nurse
6_nurse,dd7a0bf97b0543dba3850512d150e759,2022/08/13,22:50,2022/08/14,08:32,24,nurse
7_nurse,e745ff32119c4078b42f908c8bedc582,2022/08/13,17:13,2022/08/13,21:13,13,nurse
7_nurse,ecf7ac3dfe3242f3bfb4d25d44a410b4,2022/08/14,00:59,2022/08/14,08:09,42,nurse
8_nurse,9d01b963cccb45c396f5411733de8253,2022/08/13,17:04,2022/08/13,21:04,22,nurse
8_nurse,0d083142217148cabab5166c2e80dc27,2022/08/13,23:39,2022/08/14,08:48,11,nurse
9_nurse,640ae9e3d8ad43a88976197e550f358d,2022/08/13,17:00,2022/08/13,19:00,6,nurse
9_nurse,88ccde25169e44ea82b3bb8790bd53dc,2022/08/13,21:54,2022/08/14,08:43,16,nurse
10_nurse,8b91499eaa634dd68a22e8b034a03d1c,2022/08/13,17:43,2022/08/13,20:43,7,nurse
10_nurse,98300aaa21fe40f1ab7912bc57b6a659,2022/08/13,22:36,2022/08/14,08:47,14,nurse
1_nurse,a5dd21eb8f8442448d6aad9109dbaaf4,2022/08/14,17:34,2022/08/14,20:34,2,nurse
1_nurse,31c04bdb90044f35ab55570082f71d9f,2022/08/14,23:33,2022/08/15,08:57,4,nurse
2_nurse,afb998dbac3d497693f145688171c867,2022/08/14,17:13,2022/08/14,21:13,13,nurse
2_nurse,4f3909c5174c47399ccd283fdb9b5f1b,2022/08/15,01:00,2022/08/15,08:19,37,nurse
3_nurse,2c4a49f103114b5aae570e754c183e7a,2022/08/14,17:08,2022/08/14,21:08,9,nurse
3_nurse,13cb810420794e5fa4ffef023c58d1b7,2022/08/14,23:58,2022/08/15,08:46,16,nurse
4_nurse,ceb0be785a4f4d6684300e0ccc738f7c,2022/08/14,17:46,2022/08/14,20:46,9,nurse
4_nurse,3b44a786954141589ae6d9e3a26658a4,2022/08/14,22:37,2022/08/15,08:29,34,nurse
5_nurse,8ef6adef753542a09407e03dad4bc37f,2022/08/14,17:19,2022/08/14,21:19,3,nurse
5_nurse,4e0128f2440048bc95087a42d342efc1,2022/08/14,23:17,2022/08/15,08:53,7,nurse
6_nurse,4c5e20b3936f4371b1f12f714e5fd6b4,2022/08/14,17:34,2022/08/14,19:34,3,nurse
6_nurse,1a262833e6514c4b8f16cb8520b61abe,2022/08/14,22:31,2022/08/15,08:13,57,nurse
7_nurse,34e7a0847a324941ba6116629b8d24b8,2022/08/14,17:20,2022/08/14,19:20,22,nurse
7_nurse,871de8c4b92d4248b0f31ec7e964babf,2022/08/14,20:59,2022/08/15,08:18,41,nurse
8_nurse,1e77290929f545a4855be7ee4e0bab27,2022/08/14,17:52,2022/08/14,20:52,1,nurse
8_nurse,152a8faf0ef14e459e740b51e49b2582,2022/08/14,22:52,2022/08/15,08:45,15,nurse
9_nurse,c6d4de3fec724bfaa9411e2eaadf4c59,2022/08/14,17:20,2022/08/14,19:20,10,nurse
9_nurse,5c152da8c79c421ebd04b5e62108de3d,2022/08/14,22:11,2022/08/15,08:48,12,nurse
10_nurse,1db0f775674944eeb1609c75a6b507a6,2022/08/14,17:54,2022/08/14,19:54,28,nurse
10_nurse,738d63803ddb480186f73bd0f34f5976,2022/08/14,22:28,2022/08/15,08:59,2,nurse
1_5_9,e6eb36e653bd4e36bcf1deeb3cdccecc,2022/08/08,05:41,2022/08/08,07:41,25,5_9
1_5_9,f4b5b914495143c9b285f0e5bf712f0b,2022/08/08,10:19,2022/08/08,20:01,69,5_9
2_5_9,3867ada973fd40788f7ba41ef8648616,2022/08/08,05:16,2022/08/08,09:16,15,5_9
2_5_9,185df8f0c5cd4e15acaacd1fbd44140b,2022/08/08,11:03,2022/08/08,20:50,12,5_9
3_5_9,e29f4c183de94864aa7b2a50d0fe6ed4,2022/08/08,05:46,2022/08/08,07:46,3,5_9
3_5_9,658bf9e615cb414399e5f3ee87bce96f,2022/08/08,10:43,2022/08/08,20:49,13,5_9
4_5_9,bb8a2431460c48919084a89754ed79bb,2022/08/08,05:08,2022/08/08,07:08,10,5_9
4_5_9,8392a702c2de44958e6fc0d5c0b559e6,2022/08/08,08:57,2022/08/08,20:55,5,5_9
5_5_9,a1cdee68604d4fbfacbe03c89cc96e49,2022/08/08,05:48,2022/08/08,08:48,20,5_9
5_5_9,4648ecbb3d9448b5b97c9d9ff6125170,2022/08/08,12:31,2022/08/08,20:55,6,5_9
6_5_9,f8c91eb854614dfa83ed78b986d72b44,2022/08/08,05:12,2022/08/08,08:12,23,5_9
6_5_9,73a8bf73b8e248e9b2b7fbdbff5d99c9,2022/08/08,10:52,2022/08/08,20:45,13,5_9
7_5_9,a731647a3203430f824171aa6c40d992,2022/08/08,06:01,2022/08/08,08:01,26,5_9
7_5_9,f5746ba42e27477c86382beb3e59a43d,2022/08/08,09:37,2022/08/08,20:29,27,5_9
8_5_9,4b068837b399482f88311809fef17d78,2022/08/08,05:43,2022/08/08,07:43,1,5_9
8_5_9,9f37e2579cb8412fa3eefc7c9d9137c4,2022/08/08,09:43,2022/08/08,20:58,3,5_9
9_5_9,07f43492d3cc4f7f9505b655468fa649,2022/08/08,05:29,2022/08/08,09:29,36,5_9
9_5_9,6984277817a142a7b4ea295091e61c87,2022/08/08,11:59,2022/08/08,20:09,49,5_9
10_5_9,56e60e34bc6949a9b667a13cab73936c,2022/08/08,05:15,2022/08/08,09:15,1,5_9
10_5_9,edc31b46e5354c4aa67406627d1a734c,2022/08/08,12:14,2022/08/08,20:34,24,5_9
11_5_9,915b4a841f7f4f51b5712d018e9576f1,2022/08/08,05:37,2022/08/08,08:37,24,5_9
11_5_9,83e4d57a7a224b58a6ab381464901745,2022/08/08,12:13,2022/08/08,20:06,56,5_9
12_5_9,7c56f06b827c46cc8529221589d8d787,2022/08/08,05:20,2022/08/08,08:20,34,5_9
12_5_9,1299bbc937e2410084f46c595106b705,2022/08/08,09:50,2022/08/08,20:09,50,5_9
13_5_9,9b11004b9e35414aa66e9ef465e0dec2,2022/08/08,05:54,2022/08/08,08:54,27,5_9
13_5_9,3f7039261fa34a7f9ac57c84e6c541f5,2022/08/08,11:28,2022/08/08,20:50,12,5_9
14_5_9,35d613964100488c8578fe742c7f902a,2022/08/08,05:46,2022/08/08,09:46,30,5_9
14_5_9,b88ac51a18ee42a6a053efadf8345b8f,2022/08/08,12:19,2022/08/08,20:44,17,5_9
15_5_9,25203eacf92040f6a3a0a247f9d5a7c1,2022/08/08,05:10,2022/08/08,07:10,7,5_9
15_5_9,5e596e60c8e442a2811c77d7a82a8830,2022/08/08,09:04,2022/08/08,20:34,29,5_9
16_5_9,9f5c15e6ea204c5bb6515034b27dceb9,2022/08/08,05:19,2022/08/08,09:19,8,5_9
16_5_9,311328647a3245af9fa70729e5ba16b6,2022/08/08,13:10,2022/08/08,20:07,63,5_9
17_5_9,604fd179e1ae45a3a84e64309d9e686a,2022/08/08,05:30,2022/08/08,09:30,11,5_9
17_5_9,823e327b3c2f484b95dfce82caaff2b4,2022/08/08,12:20,2022/08/08,20:47,12,5_9
18_5_9,40c82e58f5484d208683df90123a516d,2022/08/08,05:44,2022/08/08,08:44,30,5_9
18_5_9,c2bc7a62db544dd4998aeb4cd8aa219c,2022/08/08,10:17,2022/08/08,19:59,58,5_9
19_5_9,a81bede6d8e840779ca6066109cba1d0,2022/08/08,05:05,2022/08/08,09:05,28,5_9
19_5_9,b57177e6b7b6467d92c85f3b4d1db6d2,2022/08/08,10:35,2022/08/08,20:32,30,5_9
20_5_9,6ad75cca036d45bdbfb8476809f76517,2022/08/08,05:57,2022/08/08,07:57,24,5_9
20_5_9,f65ad4ab334a42ab8f7b794e5a630e49,2022/08/08,11:29,2022/08/08,20:14,55,5_9
1_5_9,e7d5c55cf2c549e3974aac84661efd0f,2022/08/09,05:28,2022/08/09,07:28,16,5_9
1_5_9,ebd527e522474319a231e6dddca738eb,2022/08/09,11:13,2022/08/09,20:04,62,5_9
2_5_9,db08e43234fb42f88d2edb6f2f4b066f,2022/08/09,05:52,2022/08/09,07:52,28,5_9
2_5_9,33f4a3f319574c74a6b2995ed7e18cac,2022/08/09,10:23,2022/08/09,20:38,20,5_9
3_5_9,70aeff8fba254a3ab10414e722211430,2022/08/09,05:03,2022/08/09,07:03,3,5_9
3_5_9,b228827065c14366bdf03cb43e98b859,2022/08/09,09:01,2022/08/09,20:48,11,5_9
4_5_9,ae1e0f27a91d425f99db70da62b15910,2022/08/09,05:16,2022/08/09,07:16,28,5_9
4_5_9,991b651d33bd4d7d8bc53d7f7c216c92,2022/08/09,08:51,2022/08/09,20:53,8,5_9
5_5_9,59c1a42283bc4ffdbc22e9ae414003e2,2022/08/09,05:08,2022/08/09,08:08,20,5_9
5_5_9,ce221f85a5664c2195b8d50985744502,2022/08/09,11:49,2022/08/09,20:20,47,5_9
6_5_9,46c35a509b9142019d66f676c9115159,2022/08/09,05:01,2022/08/09,07:01,26,5_9
6_5_9,de4d785e07cf4ae0b1ab218360a32af5,2022/08/09,09:33,2022/08/09,20:14,48,5_9
7_5_9,a41ced93cc3b4d08b9b07ade29167f5f,2022/08/09,05:23,2022/08/09,09:23,15,5_9
7_5_9,f68157d025f941c49abb5b0ef7a4b6b1,2022/08/09,11:07,2022/08/09,20:46,15,5_9
8_5_9,08f05ee270994819b6c59ac76b2ce6e5,2022/08/09,05:00,2022/08/09,07:00,18,5_9
8_5_9,51327c90740849bb8fd01e151135809c,2022/08/09,10:41,2022/08/09,20:27,39,5_9
9_5_9,281873cba2df4ec9ab534c6d40eb0d6b,2022/08/09,05:40,2022/08/09,09:40,23,5_9
9_5_9,99f30eb45a514b9c903b814906019daa,2022/08/09,12:19,2022/08/09,20:22,45,5_9
10_5_9,26ba9f1ccbb54d9fbe7484ec3c44ff8e,2022/08/09,05:36,2022/08/09,09:36,13,5_9
10_5_9,f1f36af0552f47e7aeb556a26c07399c,2022/08/09,11:25,2022/08/09,20:52,10,5_9
11_5_9,2af00d89dc894c8d8d0ade355b41039b,2022/08/09,05:33,2022/08/09,07:33,6,5_9
11_5_9,ab1b1700129546398f68e3f046cedd31,2022/08/09,09:28,2022/08/09,20:08,49,5_9
12_5_9,91712a973c7040388e6b2cf0995ddd8b,2022/08/09,05:47,2022/08/09,09:47,5,5_9
12_5_9,6a8a4e01a92d4a66bb0ac4d5b6863a48,2022/08/09,12:42,2022/08/09,20:45,18,5_9
13_5_9,6664a4d43a7745c9afb1f77ea992aa10,2022/08/09,05:35,2022/08/09,07:35,25,5_9
13_5_9,554262a0e38947588c5007595821efa0,2022/08/09,10:10,2022/08/09,20:26,36,5_9
14_5_9,15c10cb323b741cbbf896024138a58c2,2022/08/09,05:42,2022/08/09,09:42,8,5_9
14_5_9,29dbbc8185f943dcbc7235256c844f58,2022/08/09,13:34,2022/08/09,20:16,48,5_9
15_5_9,b43e7f4eed6d43538a3de4541be94058,2022/08/09,05:36,2022/08/09,09:36,11,5_9
15_5_9,a6b1377df7f14880b88a13bded9bf403,2022/08/09,13:26,2022/08/09,20:57,4,5_9
16_5_9,f9787c28a6434713a2d036f199b1f889,2022/08/09,05:56,2022/08/09,09:56,3,5_9
16_5_9,cbb795f5c89247a8bc48e37b13cee2cb,2022/08/09,11:54,2022/08/09,20:14,46,5_9
17_5_9,e0a57827421a4360af7be0be9a04794b,2022/08/09,05:46,2022/08/09,08:46,3,5_9
17_5_9,d9b1c67b7cb9481fa39d404e24b1e5ea,2022/08/09,11:43,2022/08/09,20:22,39,5_9
18_5_9,ce425b0ca28b46e797829ddc1b82ec08,2022/08/09,05:23,2022/08/09,09:23,10,5_9
18_5_9,da77af6e50174e759228c97296cf6518,2022/08/09,12:14,2022/08/09,20:49,11,5_9
19_5_9,2f2f115391494b06b1cfb23a8dd14153,2022/08/09,05:38,2022/08/09,09:38,12,5_9
19_5_9,c0ed2222e8f448b6b399ed017503d24b,2022/08/09,11:28,2022/08/09,20:05,50,5_9
20_5_9,5b8f3fe166304c2e8c0bf61675873c81,2022/08/09,05:13,2022/08/09,09:13,21,5_9
20_5_9,fd6ebc01a8124619b268e6c3dffa6cd6,2022/08/09,11:50,2022/08/09,20:43,15,5_9
1_5_9,7c638f6def3b4cf591f8dc02a22bd0ea,2022/08/10,05:34,2022/08/10,07:34,29,5_9
1_5_9,11bcde3a8f5f4bf48468cf85aa57fbf8,2022/08/10,11:03,2022/08/10,20:07,61,5_9
2_5_9,cc1caea0aa714827b232a878d2a85773,2022/08/10,05:50,2022/08/10,08:50,23,5_9
2_5_9,45e164284a9141a5980ddd2a184363e9,2022/08/10,11:30,2022/08/10,20:48,12,5_9
3_5_9,b7d0e5a2350846169afdc989de479ef6,2022/08/10,05:52,2022/08/10,08:52,28,5_9
3_5_9,1ee56e5a7bc2413085dd0dd217dbbd16,2022/08/10,11:25,2022/08/10,20:20,47,5_9
4_5_9,617c23f827664f93850a1d3f7ec708a1,2022/08/10,05:13,2022/08/10,09:13,26,5_9
4_5_9,2a409f7a3037456d8bc4d5267f7de79d,2022/08/10,12:43,2022/08/10,20:18,41,5_9
5_5_9,94cb44d7719948fe90492271511dd14e,2022/08/10,05:17,2022/08/10,09:17,14,5_9
5_5_9,f54afe20c6584079b88f99bf58b547ba,2022/08/10,13:04,2022/08/10,20:37,28,5_9
6_5_9,1c62d57365e74eaebec5445848923455,2022/08/10,05:09,2022/08/10,07:09,4,5_9
6_5_9,341967cfbef0450f8a9793dd1856088e,2022/08/10,10:05,2022/08/10,20:04,50,5_9
7_5_9,eae1f25231c747ed853c6e830f14edef,2022/08/10,05:14,2022/08/10,09:14,14,5_9
7_5_9,4e584a433c1b40529fb5a3286796050e,2022/08/10,13:00,2022/08/10,20:03,51,5_9
8_5_9,06436bd2059c4d9c91a9d861a07dd55b,2022/08/10,06:01,2022/08/10,10:01,35,5_9
8_5_9,5d41c4a3c66b4568bcc680cdccecf5f6,2022/08/10,11:32,2022/08/10,20:20,45,5_9
9_5_9,00ff63cff38c4ac9addcc6b9dc176cb2,2022/08/10,05:11,2022/08/10,09:11,9,5_9
9_5_9,8abe352a87664ae69fc1ed331573d669,2022/08/10,13:03,2022/08/10,20:08,55,5_9
10_5_9,d107f7dfbe52493a9d6c6de66f10e396,2022/08/10,05:20,2022/08/10,08:20,2,5_9
10_5_9,0fd5922edce0419faa803fa195e7f488,2022/08/10,10:19,2022/08/10,20:46,12,5_9
11_5_9,ac5e48c7803243019bfc1f5c7a74a294,2022/08/10,05:40,2022/08/10,09:40,1,5_9
11_5_9,c1237a927e024699ba660b32219123fe,2022/08/10,12:40,2022/08/10,20:56,5,5_9
12_5_9,cde1e13b6fa54114a7f78837d705c91e,2022/08/10,05:48,2022/08/10,09:48,21,5_9
12_5_9,ba281e92a2ff435d9d585862434e775e,2022/08/10,11:24,2022/08/10,20:36,29,5_9
13_5_9,cf5fd90f71054150aeb32b7eb5f82a54,2022/08/10,05:18,2022/08/10,08:18,16,5_9
13_5_9,494dad3c678f4c768369341a9f05e01b,2022/08/10,10:05,2022/08/10,20:18,35,5_9
14_5_9,b8f33480a27c445b82cc691a932a2b7d,2022/08/10,05:59,2022/08/10,07:59,3,5_9
14_5_9,0036764a545a4faab622db31017ef8e4,2022/08/10,11:56,2022/08/10,20:51,11,5_9
15_5_9,9066208903624e63a16abd5269758617,2022/08/10,05:41,2022/08/10,09:41,36,5_9
15_5_9,652e2cb3709d4b1eb588e592a6b16f19,2022/08/10,11:10,2022/08/10,20:00,53,5_9
16_5_9,99b467f33b914a779d918a56e03e39a6,2022/08/10,05:31,2022/08/10,09:31,1,5_9
16_5_9,6e34b68ec1344ac9ab93ad1a64d7be30,2022/08/10,11:31,2022/08/10,20:58,3,5_9
17_5_9,c418e6acd5b140fbb8b0887d0905f0f4,2022/08/10,05:04,2022/08/10,07:04,14,5_9
17_5_9,36c660d0bd694a4382639b36ad340015,2022/08/10,09:50,2022/08/10,20:06,49,5_9
18_5_9,0cf91adae5824305b0b612b63abfa8ea,2022/08/10,05:12,2022/08/10,07:12,19,5_9
18_5_9,56cca6e5fb8e477aaca1b57b99c634e1,2022/08/10,09:54,2022/08/10,20:45,15,5_9
19_5_9,7deeb8b370704f95863059e88f1f92c1,2022/08/10,06:00,2022/08/10,10:00,28,5_9
19_5_9,47c59938715b4bb8b9b383e9b23879fb,2022/08/10,11:36,2022/08/10,20:34,24,5_9
20_5_9,a4e7b588f48548f6a4319569cb77c2a9,2022/08/10,05:15,2022/08/10,08:15,23,5_9
20_5_9,bce079eed4af48cc8b5a3ad1e6b4cdb6,2022/08/10,09:53,2022/08/10,20:08,53,5_9
1_5_9,fd8ae69d4f3443cb9d5fb1a75182da8e,2022/08/11,05:05,2022/08/11,08:05,7,5_9
1_5_9,f0324a48a4804f88a2462cd4989e5846,2022/08/11,10:59,2022/08/11,20:14,39,5_9
2_5_9,cfc3a38906944c4d85d3206c65a165a5,2022/08/11,05:06,2022/08/11,07:06,8,5_9
2_5_9,9db0dc4ce5e2450dad15aa4113a1f265,2022/08/11,08:58,2022/08/11,20:27,36,5_9
3_5_9,7479042b9e2a4721b799a0a9f70acb96,2022/08/11,05:23,2022/08/11,07:23,17,5_9
3_5_9,a9c7c1b4ccc741d29950acfeb52d84ef,2022/08/11,10:03,2022/08/11,20:44,16,5_9
4_5_9,a50271ffeb1b450eb68ff826bfeb8ecf,2022/08/11,05:16,2022/08/11,07:16,16,5_9
4_5_9,d93cc553e2ba4616ae67220e3236aa13,2022/08/11,09:58,2022/08/11,20:30,25,5_9
5_5_9,0baca50e8294498d9a0be59e1ff6ae16,2022/08/11,05:17,2022/08/11,09:17,11,5_9
5_5_9,af4c1be761fd43a99998149b9c0a1575,2022/08/11,11:06,2022/08/11,20:48,11,5_9
6_5_9,bd318514bcee4ade85fd824eccb0bd5f,2022/08/11,05:01,2022/08/11,07:01,20,5_9
6_5_9,717b106316124958bea0faca531893d9,2022/08/11,10:44,2022/08/11,20:27,39,5_9
7_5_9,48adc2bd03184ca2a28d086a6b63b242,2022/08/11,05:09,2022/08/11,08:09,14,5_9
7_5_9,0fa0ff88d32f46e3b5c7719fe1351b3f,2022/08/11,10:53,2022/08/11,20:02,50,5_9
8_5_9,87601057b5d0445986c8d66571590a44,2022/08/11,05:27,2022/08/11,09:27,21,5_9
8_5_9,8f7d14677d6a41e1b95b31d346935206,2022/08/11,12:07,2022/08/11,20:13,51,5_9
9_5_9,a11a42258cd94b97a6fc005aa674cec0,2022/08/11,05:22,2022/08/11,07:22,16,5_9
9_5_9,d136733e9e8f44a9965901f0ad82e6cd,2022/08/11,11:09,2022/08/11,20:05,53,5_9
10_5_9,fafcb8c693ea418f9e967d5cbe1bf52d,2022/08/11,05:45,2022/08/11,07:45,20,5_9
10_5_9,bee343c40b1742909b388b42d385f984,2022/08/11,10:26,2022/08/11,20:06,58,5_9
11_5_9,0d6eed0ba6364fc186f32fb54192ab37,2022/08/11,05:56,2022/08/11,07:56,16,5_9
11_5_9,e3115058bacb446fbd2cc352d1ced866,2022/08/11,11:42,2022/08/11,20:58,2,5_9
12_5_9,e00a1507663e4ab6ab16a04cb72d898a,2022/08/11,05:36,2022/08/11,09:36,24,5_9
12_5_9,291460211e114b688b1a6e6448343eee,2022/08/11,11:08,2022/08/11,20:13,42,5_9
13_5_9,d466d531c7d64eee97f46f969465ee15,2022/08/11,05:32,2022/08/11,08:32,29,5_9
13_5_9,5593d5ab27154a869c0b0d1560de5aee,2022/08/11,12:06,2022/08/11,20:07,56,5_9
14_5_9,78fdd72260144832931358d35c3bcad6,2022/08/11,05:09,2022/08/11,07:09,24,5_9
14_5_9,d737881464bf40caab67b82f618230ab,2022/08/11,10:40,2022/08/11,20:46,16,5_9
15_5_9,3c645bb6903f4c6f9309c13721a0056c,2022/08/11,05:34,2022/08/11,09:34,6,5_9
15_5_9,807ef8fef86d492681d03c07d225f342,2022/08/11,11:29,2022/08/11,20:25,30,5_9
16_5_9,b7a548546789407f9bd19b7f9505350f,2022/08/11,05:40,2022/08/11,09:40,17,5_9
16_5_9,69a4971fa7144a2f857e0baae8a5546a,2022/08/11,12:22,2022/08/11,20:10,41,5_9
17_5_9,05c1b0facb5c469087b8d754ccba4443,2022/08/11,05:02,2022/08/11,08:02,13,5_9
17_5_9,82a375c265fc4477bafa08b819dda4b5,2022/08/11,11:49,2022/08/11,20:38,26,5_9
18_5_9,df7a2600c4984e3fa6fbc9459c658daa,2022/08/11,05:04,2022/08/11,08:04,9,5_9
18_5_9,869b57ff8a3341729f50a9d4e0092734,2022/08/11,10:54,2022/08/11,20:49,10,5_9
19_5_9,3a3df0f0588a45b583d9d4822d75e7c2,2022/08/11,05:47,2022/08/11,07:47,1,5_9
19_5_9,d9b42a25d89848ea895daafe4422ee60,2022/08/11,10:47,2022/08/11,20:54,6,5_9
20_5_9,e0ac918d550d45b79c4e1de31c111907,2022/08/11,05:52,2022/08/11,09:52,20,5_9
20_5_9,4e283bfbff0d45d9aa106f9dd3fc62de,2022/08/11,12:35,2022/08/11,20:08,48,5_9
1_5_9,4ebded431c6b4f71b28758a945a9b424,2022/08/12,05:52,2022/08/12,07:52,12,5_9
1_5_9,2426b28afe194c638eba6ab0f7c96663,2022/08/12,09:42,2022/08/12,20:53,7,5_9
2_5_9,2a8bf8361d20412cb5de7511e3332407,2022/08/12,05:20,2022/08/12,07:20,32,5_9
2_5_9,7270df9d156e46d1a4bee98beb7f299e,2022/08/12,09:52,2022/08/12,20:10,43,5_9
3_5_9,6bd033727821415494b6bdf6cdc35c07,2022/08/12,05:52,2022/08/12,08:52,10,5_9
3_5_9,3d049e357850444cadc2a9e5c7bbea5c,2022/08/12,11:44,2022/08/12,20:16,42,5_9
4_5_9,3d1df9b7529244709e60c0cdcb30740e,2022/08/12,05:55,2022/08/12,08:55,8,5_9
4_5_9,9e4ef642be9d43f8984477f4de7c6fd7,2022/08/12,12:48,2022/08/12,20:00,71,5_9
5_5_9,7766f298b0a94e27b5be4782c21fc58d,2022/08/12,05:55,2022/08/12,08:55,23,5_9
5_5_9,b59d591064ff4b9b8f46442389d4dd61,2022/08/12,11:30,2022/08/12,20:31,34,5_9
6_5_9,d615c3fbd4cd4eeabb4afacb44d6c92d,2022/08/12,05:37,2022/08/12,09:37,11,5_9
6_5_9,d5aced28ec16497db5b50dcec03fc940,2022/08/12,11:27,2022/08/12,20:04,46,5_9
7_5_9,08e7315f787d4f9bb3968f45e959e001,2022/08/12,05:33,2022/08/12,08:33,7,5_9
7_5_9,eae5c5205ace423cad7aace8c6aa7c53,2022/08/12,11:27,2022/08/12,20:59,2,5_9
8_5_9,c0e49d5f5394491d89e2df8256951637,2022/08/12,05:58,2022/08/12,07:58,6,5_9
8_5_9,61286e27f9874606b40d3dc99270513f,2022/08/12,11:53,2022/08/12,20:41,23,5_9
9_5_9,ccc3aeff791748bdaa80c3511ee49194,2022/08/12,05:42,2022/08/12,07:42,15,5_9
9_5_9,2c212a0832604b9283c04a296e699b96,2022/08/12,11:30,2022/08/12,20:09,58,5_9
10_5_9,bed18426922240acaa92a7a014fdbe9e,2022/08/12,05:22,2022/08/12,09:22,18,5_9
10_5_9,edb65197824f44268e2402b5dcf0c5ef,2022/08/12,11:01,2022/08/12,20:49,12,5_9
11_5_9,420bc7d6b69347538331b893bb35cfe9,2022/08/12,05:07,2022/08/12,07:07,5,5_9
11_5_9,3c395a649feb4399b33f1c64eccbfd06,2022/08/12,09:02,2022/08/12,20:54,6,5_9
12_5_9,059d5ab995614817b0c54794169cd04d,2022/08/12,05:35,2022/08/12,09:35,23,5_9
12_5_9,0b8a4da0f9824fd5bcef28bb282b4876,2022/08/12,11:16,2022/08/12,20:05,55,5_9
13_5_9,db60899ac8fa4548851e00e575c85187,2022/08/12,05:41,2022/08/12,08:41,14,5_9
13_5_9,88542c1c0c50451bb540769741b4dee5,2022/08/12,10:25,2022/08/12,20:32,25,5_9
14_5_9,6a028e79223d441f84ce3e13f8756a6f,2022/08/12,05:18,2022/08/12,09:18,2,5_9
14_5_9,d7be33951d174c5b9029626a45d3a43b,2022/08/12,11:16,2022/08/12,20:46,17,5_9
15_5_9,d0e302d0125d47d386712740327e6137,2022/08/12,05:54,2022/08/12,07:54,12,5_9
15_5_9,05358f9de54d42d5941adfb61d51690c,2022/08/12,10:43,2022/08/12,20:21,37,5_9
16_5_9,b7ce3a3299ae42ada8c291e6207daa4c,2022/08/12,05:26,2022/08/12,08:26,14,5_9
16_5_9,31bb596f2e92493e8ee95e7cd3f197ab,2022/08/12,11:12,2022/08/12,20:44,17,5_9
17_5_9,9896fb9faeaf4e2092e1e1bf7c96c1e1,2022/08/12,05:24,2022/08/12,09:24,26,5_9
17_5_9,88a487fd5c0b492083ccfb5afafb096e,2022/08/12,11:54,2022/08/12,20:25,41,5_9
18_5_9,b8fdf795f4d84b58be23edd818019320,2022/08/12,05:31,2022/08/12,08:31,27,5_9
18_5_9,ace03388236d4f919c8961d3754e4a8d,2022/08/12,11:03,2022/08/12,20:05,62,5_9
19_5_9,dbbe4c8c927a4d7fa9060e2f97bd890a,2022/08/12,05:11,2022/08/12,09:11,10,5_9
19_5_9,ecc27c21da8f4c859ad26625461e157d,2022/08/12,13:03,2022/08/12,20:42,17,5_9
20_5_9,7aede6fcf9654d0eb5e3585cdfd5ccae,2022/08/12,05:49,2022/08/12,08:49,33,5_9
20_5_9,fa762f2678f24677bb7fe3f2dcdf3d91,2022/08/12,11:20,2022/08/12,20:49,10,5_9
1_5_9,d4f102a1f0bb4e95883ba57372490262,2022/08/13,05:03,2022/08/13,09:03,14,5_9
1_5_9,5c2f9d9fdeb64ad2a077ee38edc1b9ce,2022/08/13,10:50,2022/08/13,20:37,26,5_9
2_5_9,f5cc407fbe144faaaac62b5bd2b86ec1,2022/08/13,05:24,2022/08/13,08:24,26,5_9
2_5_9,73d1eb9df8c74effb7f728087b60d439,2022/08/13,11:00,2022/08/13,20:31,28,5_9
3_5_9,7af7791cc26d4a7bbb06169e68fb9a78,2022/08/13,05:31,2022/08/13,08:31,1,5_9
3_5_9,d56db3491869497a9cdc5d92d97566f8,2022/08/13,11:31,2022/08/13,20:16,46,5_9
4_5_9,86fee863b31d4f81b8184db839451446,2022/08/13,05:34,2022/08/13,07:34,1,5_9
4_5_9,36a4344489aa4e0893f4e0e3568e260d,2022/08/13,09:34,2022/08/13,20:25,37,5_9
5_5_9,c8ba9ab5ba9d47ba8b901b3c5d404c31,2022/08/13,05:09,2022/08/13,07:09,10,5_9
5_5_9,259623941d504ea6a9be6a6c54048c64,2022/08/13,10:58,2022/08/13,20:21,46,5_9
6_5_9,2ebc51621bd74f0796d416604e1972bd,2022/08/13,05:52,2022/08/13,07:52,16,5_9
6_5_9,58574492917241d9a593402533642634,2022/08/13,10:35,2022/08/13,20:06,64,5_9
7_5_9,e4c6bcb119304e468bcad5ea8c72812d,2022/08/13,05:47,2022/08/13,08:47,31,5_9
7_5_9,55b910bf1f1447079774a02eafafc941,2022/08/13,11:17,2022/08/13,20:57,4,5_9
8_5_9,e67bf4e1ead84ac5ae23a7331eaf9292,2022/08/13,05:03,2022/08/13,07:03,8,5_9
8_5_9,75f65b452a8c4d3f8b10014944836db2,2022/08/13,09:56,2022/08/13,20:01,68,5_9
9_5_9,0d486a12171b4a64b9ac8ed7dfd81a13,2022/08/13,05:55,2022/08/13,08:55,4,5_9
9_5_9,97613dd18e5c472fa1922d87f83f1946,2022/08/13,12:52,2022/08/13,20:49,11,5_9
10_5_9,b8fc888c278d4790b2b4c13c8d1f5150,2022/08/13,05:51,2022/08/13,08:51,8,5_9
10_5_9,aabfc2b1af0b4bc08c4be0fdff8aacf3,2022/08/13,12:44,2022/08/13,20:57,3,5_9
11_5_9,066e8fb8ad09419b86049852ae3191d8,2022/08/13,05:28,2022/08/13,08:28,31,5_9
11_5_9,b24ad96970964c78bb08dc550a2ea167,2022/08/13,11:01,2022/08/13,20:13,50,5_9
12_5_9,85fdf4c283854a3c9979105e68ae8f63,2022/08/13,05:37,2022/08/13,08:37,5,5_9
12_5_9,13155b66f8754766b2f4656d9f52fed0,2022/08/13,11:32,2022/08/13,20:31,30,5_9
13_5_9,82f88ad2b1df492ca4868b7bc883ece2,2022/08/13,05:42,2022/08/13,08:42,16,5_9
13_5_9,c2c9e994bbc740c5ac4a2cce977a7d3e,2022/08/13,12:25,2022/08/13,20:34,31,5_9
14_5_9,103a953db6ce4396a05b64897d50854b,2022/08/13,05:21,2022/08/13,08:21,22,5_9
14_5_9,df256c59d0874b3891929b154694c2b2,2022/08/13,09:59,2022/08/13,20:01,68,5_9
15_5_9,36ef551226264d9291b4aab3e9556d27,2022/08/13,05:32,2022/08/13,09:32,22,5_9
15_5_9,5618d07d679b47ef8a5de5796edcb08d,2022/08/13,12:09,2022/08/13,20:28,39,5_9
16_5_9,861fb7839cf34121b629508458aaff81,2022/08/13,05:59,2022/08/13,08:59,19,5_9
16_5_9,c4f1175c60c74ad1acfb4a8d6322358c,2022/08/13,10:41,2022/08/13,20:06,51,5_9
17_5_9,8b9232e562f5461ebe3502377a64b1e6,2022/08/13,05:00,2022/08/13,08:00,8,5_9
17_5_9,829b7d81aa1b4ce0abf0c01f86a21c68,2022/08/13,11:52,2022/08/13,20:04,50,5_9
18_5_9,50b0f22d4d584e69bb36848b7df3e803,2022/08/13,05:19,2022/08/13,09:19,19,5_9
18_5_9,15810d375d394db6b58e7a682c651bfa,2022/08/13,11:59,2022/08/13,20:04,58,5_9
19_5_9,9a5d2521670145a1924641d7e6404912,2022/08/13,05:37,2022/08/13,07:37,14,5_9
19_5_9,dc85cacb5e4d4a4ea856edaaba779783,2022/08/13,10:25,2022/08/13,20:24,43,5_9
20_5_9,fb09323a9ed24d18b15abb13106adf7e,2022/08/13,05:18,2022/08/13,08:18,3,5_9
20_5_9,0f6d5d87255644a3ba12c34974747ada,2022/08/13,10:16,2022/08/13,20:17,41,5_9
1_5_9,83cef835f94f44eaadea338bde56ef16,2022/08/14,05:44,2022/08/14,08:44,29,5_9
1_5_9,216723b9f8354501ae63e310fde1b186,2022/08/14,10:13,2022/08/14,20:48,12,5_9
2_5_9,2288381e3bb44f30a6ba6f9da032c376,2022/08/14,05:18,2022/08/14,09:18,3,5_9
2_5_9,933e6c87e33b4821b40932d241a221fb,2022/08/14,11:15,2022/08/14,20:00,52,5_9
3_5_9,592dcb1193a54f9a90bde6202c999106,2022/08/14,05:00,2022/08/14,09:00,13,5_9
3_5_9,4779aedf653746dc9379c2bc2758a5ef,2022/08/14,10:46,2022/08/14,20:56,4,5_9
4_5_9,88e5980af2644661b1b55f3561e49505,2022/08/14,05:34,2022/08/14,07:34,16,5_9
4_5_9,a082c94615f640b983dfbe28dc4a7c47,2022/08/14,10:17,2022/08/14,20:32,28,5_9
5_5_9,9e6d83769a47458bbf203a2fae58c514,2022/08/14,05:46,2022/08/14,08:46,13,5_9
5_5_9,ef841d587357476f8079940e91278565,2022/08/14,10:31,2022/08/14,20:09,58,5_9
6_5_9,9170a27714bf472099c53b57588703f4,2022/08/14,05:43,2022/08/14,07:43,25,5_9
6_5_9,d20c284994a047ee8ad20f3f37f0f770,2022/08/14,10:22,2022/08/14,20:47,13,5_9
7_5_9,36c61a1bb902418bb6988ef444470628,2022/08/14,06:01,2022/08/14,10:01,13,5_9
7_5_9,46cbe4fc74834c339f77fe2a5fd28482,2022/08/14,13:49,2022/08/14,20:14,42,5_9
8_5_9,39905bdff0254df7a501b73a15e4f743,2022/08/14,05:59,2022/08/14,08:59,28,5_9
8_5_9,624fc73b93ac4c4e94a21ff84811237c,2022/08/14,11:33,2022/08/14,20:58,2,5_9
9_5_9,9c7b76f98dc7470c93e9d3f5af165841,2022/08/14,05:09,2022/08/14,09:09,9,5_9
9_5_9,117b0ad62d41414289951cb6bac9e8bb,2022/08/14,12:00,2022/08/14,20:46,16,5_9
10_5_9,d10fc3e5176642169f585902ff024382,2022/08/14,05:05,2022/08/14,07:05,21,5_9
10_5_9,29b4e2447c5f4291bf561bf1576968cb,2022/08/14,08:42,2022/08/14,20:08,60,5_9
11_5_9,163efd41d192424394bd5e63b6e21c98,2022/08/14,05:39,2022/08/14,09:39,8,5_9
11_5_9,b79a930a40f141fb97248c392da62624,2022/08/14,13:30,2022/08/14,20:10,55,5_9
12_5_9,7831c6f15ac648b68cfd19cc222170b5,2022/08/14,05:31,2022/08/14,08:31,9,5_9
12_5_9,aab6b674cfb142da81475dbc4d53cee3,2022/08/14,10:21,2022/08/14,20:50,11,5_9
13_5_9,3bcbafcf33844ecda53a72a41fb6118c,2022/08/14,05:07,2022/08/14,08:07,9,5_9
13_5_9,fb0a9d8e68534341a66c82e92bd50c6a,2022/08/14,11:59,2022/08/14,20:51,11,5_9
14_5_9,559fa66649814c529d4a3209dc12be93,2022/08/14,05:24,2022/08/14,08:24,29,5_9
14_5_9,78219f8ef0cb4b5990c3f173ccccfb9c,2022/08/14,09:55,2022/08/14,20:36,29,5_9
15_5_9,a9a06e535e6a4a398ba16d99e9e48f48,2022/08/14,05:38,2022/08/14,08:38,5,5_9
15_5_9,37dbf62639834b95aa6fcdfcde6e0440,2022/08/14,12:33,2022/08/14,20:15,52,5_9
16_5_9,1e4bfd5a60ff41a39462516516c6f38a,2022/08/14,05:53,2022/08/14,08:53,20,5_9
16_5_9,da0258257af84132b5a84fcae060b979,2022/08/14,10:31,2022/08/14,20:20,44,5_9
17_5_9,bc882a3a26114e59827a8be2d5428097,2022/08/14,05:45,2022/08/14,09:45,16,5_9
17_5_9,1638bc1c7ac4488d9402d5aaa6b412ea,2022/08/14,11:31,2022/08/14,20:48,12,5_9
18_5_9,1e66289d19d34ac2bf935c102d7d8c5f,2022/08/14,05:25,2022/08/14,09:25,11,5_9
18_5_9,a99258b066174b938c9be25e34e60d69,2022/08/14,12:14,2022/08/14,20:52,10,5_9
19_5_9,28ea17af831e485ca65035f94bfd2e8d,2022/08/14,05:43,2022/08/14,07:43,31,5_9
19_5_9,da317bd0dce44e97bf447cac7a4a61f1,2022/08/14,10:16,2022/08/14,20:13,55,5_9
20_5_9,0e1d2e43771e4565906cf2392af63a59,2022/08/14,05:48,2022/08/14,08:48,23,5_9
20_5_9,8e50c5b6f07b4149bc61ae7b5977b471,2022/08/14,12:28,2022/08/14,20:19,42,5_9
