user_id,journey_ids,plug_in_time,departure_time,time_slot,carbon_emission,avg_carbon_emission,avg_priority_carbon_emission,total_demand,charging_duration,user_type
,,,,,,,,,,
3_5_9,"['b228827065c14366bdf03cb43e98b859', 'b7d0e5a2350846169afdc989de479ef6', '1ee56e5a7bc2413085dd0dd217dbbd16']",2022-08-09 09:01,2022-08-09 20:48,"2022-08-09 12:30 ~ 2022-08-09 12:33,2022-08-09 13:00 ~ 2022-08-09 13:30,",100.1,3.033333333333333,33.36666666666667,25.8,33.0,5_9
,,,,,,,,,,
3_5_9,"['3d049e357850444cadc2a9e5c7bbea5c', '7af7791cc26d4a7bbb06169e68fb9a78', 'd56db3491869497a9cdc5d92d97566f8']",2022-08-12 11:44,2022-08-12 20:16,"2022-08-12 13:30 ~ 2022-08-12 14:00,2022-08-12 16:30 ~ 2022-08-12 16:36,",122.4,3.4000000000000004,40.800000000000004,26.7,36.0,5_9
,,,,,,,,,,
1_5_9,"['e6eb36e653bd4e36bcf1deeb3cdccecc', 'f4b5b914495143c9b285f0e5bf712f0b', 'e7d5c55cf2c549e3974aac84661efd0f']",2022-08-08 05:41,2022-08-08 07:41,"2022-08-08 05:30 ~ 2022-08-08 05:44,2022-08-08 07:00 ~ 2022-08-08 07:41,",225.88333333333335,4.106969696969697,75.29444444444445,33.0,55.0,5_9
1_5_9,"['ebd527e522474319a231e6dddca738eb', '7c638f6def3b4cf591f8dc02a22bd0ea', '11bcde3a8f5f4bf48468cf85aa57fbf8']",2022-08-09 11:13,2022-08-09 20:04,"2022-08-09 12:30 ~ 2022-08-09 13:32,2022-08-09 14:00 ~ 2022-08-09 14:30,",280.7,3.051086956521739,93.56666666666666,45.6,92.0,5_9
1_5_9,"['fd8ae69d4f3443cb9d5fb1a75182da8e', 'f0324a48a4804f88a2462cd4989e5846', '4ebded431c6b4f71b28758a945a9b424']",2022-08-11 05:05,2022-08-11 08:05,"2022-08-11 07:30 ~ 2022-08-11 07:33,2022-08-11 08:00 ~ 2022-08-11 08:05,",33.91666666666667,4.239583333333334,11.305555555555557,17.4,8.0,5_9
,,,,,,,,,,
1_5_9,"['83cef835f94f44eaadea338bde56ef16', '216723b9f8354501ae63e310fde1b186']",2022-08-14 05:44,2022-08-14 08:44,"2022-08-14 08:30 ~ 2022-08-14 08:37,",22.05,3.15,11.025,12.3,7.0,5_9
17_9_5,"['d514e758c4824f3e885966ff6f392901', 'e5608cf3dd5f4992a7f5c7b757fc3c74', '717f719f45cf406b8d748a3d17d48017']",2022-08-08 17:31,2022-08-08 20:31,"2022-08-08 17:30 ~ 2022-08-08 17:41,",42.71666666666667,3.8833333333333333,14.238888888888889,18.6,11.0,9_5
17_9_5,"['fb2d6fff5c354194afc06d36783f5502', '959d9eb44b1541dfadc714a89b5f38c7', 'bf6383c46fa644bcb81c67e816b9a0d0']",2022-08-10 00:36,2022-08-10 08:22,"2022-08-10 07:30 ~ 2022-08-10 07:33,2022-08-10 08:00 ~ 2022-08-10 08:22,",95.81666666666666,3.8326666666666664,31.938888888888886,23.1,25.0,9_5
,,,,,,,,,,
17_9_5,"['f6601fe83f9940d9a59f595ce5ade4e1', '95be947dd3154368927f6ea3a03394b9', '77cab33555ef4d489065c7c4cbb5487f']",2022-08-12 21:05,2022-08-13 08:44,"2022-08-13 08:00 ~ 2022-08-13 08:01,2022-08-13 08:30 ~ 2022-08-13 08:44,",55.88333333333333,3.7255555555555557,18.627777777777776,19.8,15.0,9_5
17_9_5,"['efcc5e9b1fe240b094bf2bd0ac6742d3', '19c9f225f2bd416c890b0000d95bee55']",2022-08-14 17:17,2022-08-14 20:17,"2022-08-14 17:00 ~ 2022-08-14 17:16,",60.53333333333333,3.783333333333333,30.266666666666666,15.0,16.0,9_5
,,,,,,,,,,
7_nurse,"['087e9b43e7a244fd8670dc3f3d7d32d0', '1d118ef0a8364e1eb7af1974f2e01041', '544f4badc7ec47f5beee288212b63860']",2022-08-09 16:12,2022-08-10 00:58,"2022-08-09 16:00 ~ 2022-08-09 16:04,",13.866666666666667,3.466666666666667,4.622222222222223,16.2,4.0,nurse
,,,,,,,,,,
7_nurse,"['f4c697941970499c8008725c68deaf26', 'e745ff32119c4078b42f908c8bedc582', 'ecf7ac3dfe3242f3bfb4d25d44a410b4']",2022-08-12 22:15,2022-08-13 08:53,"2022-08-13 08:30 ~ 2022-08-13 08:43,",48.31666666666667,3.716666666666667,16.105555555555558,19.2,13.0,nurse
7_nurse,"['34e7a0847a324941ba6116629b8d24b8', '871de8c4b92d4248b0f31ec7e964babf']",2022-08-14 17:20,2022-08-14 19:20,"2022-08-14 17:00 ~ 2022-08-14 17:27,",101.95,3.775925925925926,50.975,18.9,27.0,nurse
5_nurse,"['79c0c636b5ae4095a4d7baec94a6ed30', 'adb0caf7f5aa44a4bbb4e992e2d5e423', '909bd944c98e4fb5a38473ae3dd5bd5b']",2022-08-08 09:47,2022-08-08 11:47,"2022-08-08 11:30 ~ 2022-08-08 11:44,",46.43333333333334,3.316666666666667,15.47777777777778,19.5,14.0,nurse
5_nurse,"['5abe104123d446e78f9ad09547073ba1', 'f400089aa17240f79694cbfe65c0ee4b', '16e46b7b00004eee83e1f91f8ced2f3c']",2022-08-09 13:45,2022-08-10 00:32,"2022-08-09 14:00 ~ 2022-08-09 14:22,",67.83333333333334,3.083333333333334,22.611111111111114,22.2,22.0,nurse
,,,,,,,,,,
5_nurse,"['7546858e76e04302ae30003e9a0ba196', '79b9b7df7ef848f6a6cd0a487e74d9b3', '7cf917f01662463295e0bd1934dbed96']",2022-08-13 00:10,2022-08-13 08:38,"2022-08-13 08:00 ~ 2022-08-13 08:21,2022-08-13 08:30 ~ 2022-08-13 08:38,",110.58333333333334,3.813218390804598,36.861111111111114,24.6,29.0,nurse
,,,,,,,,,,
,,,,,,,,,,
9_9_5,"['d82ee555d7fd4a21a2256962d6133ba5', '9078b32c8d394da4844f8b1bd1c49909', 'c593cc34018a4d71bc84c840ab7e8f3e']",2022-08-09 23:08,2022-08-10 08:46,"2022-08-10 08:00 ~ 2022-08-10 08:46,",173.7,3.776086956521739,57.9,30.3,46.0,9_5
9_9_5,"['c0ef873aedd941e3a98a71bfe6a4b8e8', '577043e92a5547b6aa541e768f4844b1', '894396fbb3e844e68e6eafcbb5b7cc92']",2022-08-11 17:58,2022-08-11 19:58,"2022-08-11 17:30 ~ 2022-08-11 17:40,",36.333333333333336,3.6333333333333337,12.111111111111112,18.3,10.0,9_5
,,,,,,,,,,
9_9_5,"['0c5afb6339484904a49e303577882d8b', 'a8792512818b4e898b06cdae9eafed3e']",2022-08-14 17:23,2022-08-14 21:23,"2022-08-14 17:00 ~ 2022-08-14 17:19,",71.88333333333333,3.7833333333333328,35.94166666666666,16.2,19.0,9_5
17_nurse,"['8f18a2cbc8b5456586217795d0262e5e', '6ae36d659b4a4b12b05c74c93e49e336', '412291c4728548088f38f7d26fefa140']",2022-08-08 17:41,2022-08-08 21:41,"2022-08-08 17:30 ~ 2022-08-08 17:53,",88.73333333333333,3.8579710144927537,29.57777777777778,22.5,23.0,nurse
17_nurse,"['d0a87072769d44b196cf92cca87aeda4', '328d3a3fedfd423b92ee483b2c678a51', '2c01c0005a9341b79f28c7169fa2001e']",2022-08-09 22:41,2022-08-10 08:12,"2022-08-10 07:30 ~ 2022-08-10 07:31,2022-08-10 08:00 ~ 2022-08-10 08:12,",49.75000000000001,3.8269230769230775,16.583333333333336,19.2,13.0,nurse
17_nurse,"['4552b111a483437c9054c8ab8f07d6e4', '951ca06cdc594897bb704df44d04407e', 'bcbfe468e32147c6af2d99a99a0f91d4']",2022-08-11 17:49,2022-08-11 20:49,"2022-08-11 17:30 ~ 2022-08-11 17:39,",32.7,3.6333333333333337,10.9,17.7,9.0,nurse
17_nurse,"['0792071e24c744a5a5e1d9dd4b6b1650', 'd33501e3c5a84713b3036ed4dbd51012', '0eb30f7e505942459a2ac3aa1bfca97d']",2022-08-13 01:40,2022-08-13 12:28,"2022-08-13 11:30 ~ 2022-08-13 11:48,2022-08-13 12:00 ~ 2022-08-13 12:28,",142.9,3.106521739130435,47.63333333333333,30.0,46.0,nurse
17_nurse,"['21fec2e8bc964530b1caeb163577b698', '25b3e602951348dfb0dbd60321cedda4']",2022-08-14 21:32,2022-08-15 01:32,"2022-08-14 23:00 ~ 2022-08-14 23:16,",69.6,4.35,34.8,15.3,16.0,nurse
16_5_9,"['9f5c15e6ea204c5bb6515034b27dceb9', '311328647a3245af9fa70729e5ba16b6', 'f9787c28a6434713a2d036f199b1f889']",2022-08-08 05:19,2022-08-08 09:19,"2022-08-08 08:30 ~ 2022-08-08 08:33,2022-08-08 09:00 ~ 2022-08-08 09:19,",81.64999999999999,3.711363636363636,27.216666666666665,22.2,22.0,5_9
,,,,,,,,,,
16_5_9,"['b7a548546789407f9bd19b7f9505350f', '69a4971fa7144a2f857e0baae8a5546a', 'b7ce3a3299ae42ada8c291e6207daa4c']",2022-08-11 05:40,2022-08-11 09:40,"2022-08-11 09:00 ~ 2022-08-11 09:10,2022-08-11 09:30 ~ 2022-08-11 09:40,",75.66666666666666,3.7833333333333328,25.222222222222218,21.6,20.0,5_9
16_5_9,"['31bb596f2e92493e8ee95e7cd3f197ab', '861fb7839cf34121b629508458aaff81', 'c4f1175c60c74ad1acfb4a8d6322358c']",2022-08-12 11:12,2022-08-12 20:44,"2022-08-12 13:30 ~ 2022-08-12 14:00,2022-08-12 16:30 ~ 2022-08-12 16:34,",115.6,3.4,38.53333333333333,26.1,34.0,5_9
16_5_9,"['1e4bfd5a60ff41a39462516516c6f38a', 'da0258257af84132b5a84fcae060b979']",2022-08-14 05:53,2022-08-14 08:53,"2022-08-14 08:00 ~ 2022-08-14 08:05,2022-08-14 08:30 ~ 2022-08-14 08:53,",89.36666666666667,3.191666666666667,44.68333333333334,19.2,28.0,5_9
8_9_5,"['014962f9735447cf8ff84c4a412e016b', '34a54aa4b1a44b578d4b93fefafe1c87', 'a51a2e9127e7471892886688e01adc8f']",2022-08-08 17:37,2022-08-08 19:37,"2022-08-08 17:30 ~ 2022-08-08 17:40,",38.833333333333336,3.8833333333333337,12.944444444444445,18.3,10.0,9_5
8_9_5,"['c8282ec89c5e4d0e93c7eefd4dbe77d8', '711b3561224b4c53a6bb5e83e4edbeb5', '718d888254644e04a8563b6ed744b441']",2022-08-09 22:11,2022-08-10 08:14,"2022-08-10 08:00 ~ 2022-08-10 08:07,",26.71666666666667,3.816666666666667,8.905555555555557,17.1,7.0,9_5
8_9_5,"['fbd4bb04b5bf47249c88d073b5d08413', 'd74474a36eeb474f86279d8e3a23faaa', 'eb046a737b064383bb27f01b2c39e608']",2022-08-11 17:57,2022-08-11 19:57,"2022-08-11 17:30 ~ 2022-08-11 18:18,",178.6,3.720833333333333,59.53333333333333,30.9,48.0,9_5
8_9_5,"['8d536e0b52994345829f409d27ead5a3', '2db6d19f0728483a8a1a408e153a9936', '3efd28a5df004ec096fd907d6c729574']",2022-08-12 22:42,2022-08-13 08:24,"2022-08-13 08:00 ~ 2022-08-13 08:10,",38.5,3.85,12.833333333333334,18.3,10.0,9_5
8_9_5,"['6175e35d43694c0981b9ed904002ab66', '27c461bfa34747919f27514acec20e4d']",2022-08-14 17:29,2022-08-14 21:29,"2022-08-14 17:00 ~ 2022-08-14 17:12,",45.4,3.783333333333333,22.7,13.8,12.0,9_5
18_9_5,"['7d676cfe64154d4ea0af66f68202996e', 'e1369937ba70481a980a8b8316c1a55e', '8b6726b772264427b1aac6e4d986d9dc']",2022-08-08 17:24,2022-08-08 21:24,"2022-08-08 17:00 ~ 2022-08-08 17:10,",37.16666666666667,3.7166666666666672,12.388888888888891,18.3,10.0,9_5
18_9_5,"['23083abf6e044b72813b9d3029f5a8a2', '63e386183b3144dc804a1ec489a80485', 'c253f7ef0a1d4f9db21a9de20db7bffd']",2022-08-09 21:22,2022-08-10 08:47,"2022-08-10 08:00 ~ 2022-08-10 08:10,2022-08-10 08:30 ~ 2022-08-10 08:47,",101.06666666666668,3.7432098765432102,33.68888888888889,23.7,27.0,9_5
18_9_5,"['94711577288144be89bdad7e9ca8379b', 'de87c2dc1e814a7ab2a592d718adcbd7', '00679ba6b656404ba39403f715737261']",2022-08-11 17:50,2022-08-11 21:50,"2022-08-11 17:30 ~ 2022-08-11 17:40,",36.333333333333336,3.6333333333333337,12.111111111111112,18.3,10.0,9_5
18_9_5,"['69b745f3f9bd4caf9ae0d18e3e0883a1', '995eeb5f11f2424f9ed00206aa58125d', 'c8383e08b6d047e988f384cd6f7ccf3b']",2022-08-12 23:40,2022-08-13 08:48,"2022-08-13 08:00 ~ 2022-08-13 08:23,2022-08-13 08:30 ~ 2022-08-13 08:48,",155.45,3.791463414634146,51.81666666666666,28.5,41.0,9_5
,,,,,,,,,,
4_nurse,"['6c8cbd578c2b45de96b9853487d2a3ef', '6a000a5d4b604d06908ce5589360f71c', '87a0b209750447cdafdc2279160ffb5a']",2022-08-08 09:26,2022-08-08 12:26,"2022-08-08 12:00 ~ 2022-08-08 12:10,",33.0,3.3,11.0,18.0,10.0,nurse
4_nurse,"['e9c944e33e58451dac56c10d403fc56e', '577a0d4718ee43ca90239659c299f483', '166c1da452604578a42c4f91ad40c70f']",2022-08-09 15:00,2022-08-10 00:34,"2022-08-09 15:00 ~ 2022-08-09 15:09,",29.7,3.3,9.9,17.7,9.0,nurse
4_nurse,"['27b912579bb548e7af5c9abc2e291e13', 'fc093e8b6320459587e68430dc96f0b4', '00b9710e78614cea8413aa37ad528a85']",2022-08-11 10:01,2022-08-11 13:01,"2022-08-11 12:00 ~ 2022-08-11 12:05,2022-08-11 12:30 ~ 2022-08-11 13:01,",120.68333333333334,3.352314814814815,40.22777777777778,26.7,36.0,nurse
4_nurse,"['9bf2a760f5f9462bb752434caa91ea6e', '1ed7ee9c458c4de4baa9a89001978320', 'd8dca17eb9494c999ce189830222ebeb']",2022-08-12 21:16,2022-08-13 08:50,"2022-08-13 08:00 ~ 2022-08-13 08:17,2022-08-13 08:30 ~ 2022-08-13 08:50,",139.78333333333336,3.7779279279279288,46.594444444444456,27.3,37.0,nurse
4_nurse,"['ceb0be785a4f4d6684300e0ccc738f7c', '3b44a786954141589ae6d9e3a26658a4']",2022-08-14 17:46,2022-08-14 20:46,"2022-08-14 17:30 ~ 2022-08-14 17:39,",34.65,3.8499999999999996,17.325,12.9,9.0,nurse
6_9_5,"['6993a2266c734a23b29fa7cc0369d002', 'd30e6ee3a0b142849b78bf0a7e767427', 'c1036ce6f9e340079970db0bae968350']",2022-08-08 17:22,2022-08-08 20:22,"2022-08-08 17:00 ~ 2022-08-08 17:21,",78.05,3.7166666666666663,26.016666666666666,21.9,21.0,9_5
6_9_5,"['25cf708e74ba4508b0ea3154e3a43919', 'c1890e9120f64dd494c118fc0637cd07', 'd7986c654bf44cf99a0ca45445939a59']",2022-08-09 23:08,2022-08-10 08:30,"2022-08-10 08:00 ~ 2022-08-10 08:25,",95.41666666666667,3.816666666666667,31.805555555555557,23.1,25.0,9_5
6_9_5,"['fe8ae12cee8b4982aa2723aea60dadfd', 'c84d854a14174afba1569efd0a3b9b83', '76afd4a89adb4161ac57be398980178f']",2022-08-11 17:14,2022-08-11 21:14,"2022-08-11 17:00 ~ 2022-08-11 17:37,",132.43333333333334,3.5792792792792794,44.144444444444446,27.3,37.0,9_5
6_9_5,"['f5bcadbc1a9949a297a439e52828edbf', '2d176b4dcc4943928f3ba2c34c1c19af', 'd1b2f08761734add96dce5d82f0d4935']",2022-08-12 23:37,2022-08-13 08:39,"2022-08-13 08:00 ~ 2022-08-13 08:04,2022-08-13 08:30 ~ 2022-08-13 08:39,",48.85,3.7576923076923077,16.283333333333335,19.2,13.0,9_5
6_9_5,"['4abd897348cf42c8991fc57d5cb28d03', '42e660197b014f8da3acfa74580e8914']",2022-08-14 17:14,2022-08-14 21:14,"2022-08-14 17:00 ~ 2022-08-14 17:30,",113.5,3.783333333333333,56.75,19.8,30.0,9_5
,,,,,,,,,,
16_nurse,"['63b8035f78ee403587ecac57e8916206', 'a08740093ff24c16ae58e452a2a740f3', '4fea3e9163124a35b277911a65db07dd']",2022-08-10 01:31,2022-08-10 08:23,"2022-08-10 07:30 ~ 2022-08-10 07:49,2022-08-10 08:00 ~ 2022-08-10 08:23,",162.83333333333331,3.8769841269841265,54.27777777777777,28.8,42.0,nurse
16_nurse,"['a7c356876ba8415eabdc46172a73cc59', 'de3394959d6247bfbd37164e15dc32d1', 'f9db97faa33244c0a55ec773543136e4']",2022-08-11 17:21,2022-08-11 20:21,"2022-08-11 17:00 ~ 2022-08-11 17:33,",117.9,3.5727272727272728,39.300000000000004,25.8,33.0,nurse
16_nurse,"['04fff2622ab94753a7f88cc649fde1e5', 'ab5a8dd39fd846fa8dc355b96cf335d1', 'b4da0e09696442ebadfdc4293557bdf3']",2022-08-13 03:40,2022-08-13 12:39,"2022-08-13 12:30 ~ 2022-08-13 12:32,",6.166666666666667,3.0833333333333335,2.055555555555556,15.6,2.0,nurse
16_nurse,"['8cf1c248d39148c3909476dadc6fe135', '67bc2a925c9e4a28bf7e18ef7e9006f2']",2022-08-14 21:50,2022-08-15 01:50,"2022-08-14 23:00 ~ 2022-08-14 23:16,",69.6,4.35,34.8,15.3,16.0,nurse
,,,,,,,,,,
12_nurse,"['795db98193c54bad8d0d7e3945cb2b28', '70dd892021be4322b086cfe801643536', 'f3f4a5dfc71d4d9eb869ad8e24ef1011']",2022-08-09 21:33,2022-08-10 08:11,"2022-08-10 07:30 ~ 2022-08-10 07:46,2022-08-10 08:00 ~ 2022-08-10 08:11,",105.18333333333334,3.895679012345679,35.06111111111111,23.7,27.0,nurse
,,,,,,,,,,
12_nurse,"['dd8179948a624524b831c7b03d6c07dc', '95145491f13840138c4571e9ba74d65c', '04c4bb360d04425a911fd8df71349f13']",2022-08-13 04:28,2022-08-13 12:13,"2022-08-13 11:30 ~ 2022-08-13 11:55,2022-08-13 12:00 ~ 2022-08-13 12:13,",118.21666666666667,3.1109649122807017,39.40555555555556,27.6,38.0,nurse
12_nurse,"['cde19a4cb6ec478e8e73f3dd55cef1c1', '8b633d7441cb4cd2b9961e8f0ca05d3b']",2022-08-14 21:58,2022-08-15 01:58,"2022-08-14 22:30 ~ 2022-08-14 22:36,2022-08-14 23:00 ~ 2022-08-14 23:30,",156.8,4.355555555555556,78.4,21.9,36.0,nurse
19_nurse,"['8cb3395185e44ae48a5e40dc0d1d4b76', '9d5621b3764242d69b70acbb7c7da256', 'c2c27a30df354277a3d3a4721d5f36a5']",2022-08-08 17:42,2022-08-08 20:42,"2022-08-08 17:30 ~ 2022-08-08 18:07,",144.26666666666665,3.899099099099099,48.08888888888888,27.3,37.0,nurse
19_nurse,"['745280351af0408fbb349a5a354c7ef0', '7c880be424794de29a26ca1c154e5a55', '3b06fcc8bd5644ff9fef769051b9756f']",2022-08-09 22:41,2022-08-10 08:35,"2022-08-10 08:30 ~ 2022-08-10 08:33,",11.100000000000001,3.7000000000000006,3.7000000000000006,15.9,3.0,nurse
,,,,,,,,,,
19_nurse,"['470f6a875f334a6f9ada4b938f986757', '31ea1f776d5b4913b0328c994c88ea9f', '3245be8957a44948942d10ef76c70f42']",2022-08-13 03:40,2022-08-13 12:32,"2022-08-13 12:00 ~ 2022-08-13 12:14,2022-08-13 12:30 ~ 2022-08-13 12:32,",49.56666666666666,3.0979166666666664,16.522222222222222,20.1,16.0,nurse
,,,,,,,,,,
1_nurse,"['6e8da38033ae49edaaf1a15f54c77d47', 'b3cbc197bbd94ae8b4ea77cdb4de2350', '041dafe2d11c42a08ac59301570061c1']",2022-08-08 09:54,2022-08-08 12:54,"2022-08-08 11:30 ~ 2022-08-08 11:41,2022-08-08 12:00 ~ 2022-08-08 12:54,",213.88333333333333,3.2905128205128205,71.29444444444444,36.6,65.0,nurse
1_nurse,"['2fc55d8493e443cbb18b0031a078e619', '7ccfb0d7625b41459ff385654cd82cf3', '66dbdcb948b847efaa976d050d566b5c']",2022-08-09 15:16,2022-08-10 00:07,"2022-08-09 15:00 ~ 2022-08-09 15:30,",99.0,3.3,33.0,24.9,30.0,nurse
1_nurse,"['ac2cedb63a3d443cb767f3eab3c832e4', '50382112bed447d8b256abb0da05a41d', 'c5f5c9fa1db94b648180bcd9378bd11a']",2022-08-11 09:55,2022-08-11 11:55,"2022-08-11 11:00 ~ 2022-08-11 11:03,2022-08-11 11:30 ~ 2022-08-11 11:55,",96.43333333333332,3.444047619047619,32.14444444444444,24.0,28.0,nurse
1_nurse,"['ed0f3c568a974be5967fd4d184a0f48d', 'ca9072e169404016b4b1698ce64d7321', '36a3a3e7a58b455d81d0835f7d654e25']",2022-08-12 21:38,2022-08-13 08:48,"2022-08-13 07:30 ~ 2022-08-13 07:38,2022-08-13 08:00 ~ 2022-08-13 08:48,",214.4,3.8285714285714287,71.46666666666667,33.6,56.0,nurse
,,,,,,,,,,
,,,,,,,,,,
14_nurse,"['40cdf013fdce4e8fabbbe382ae62b32c', 'fd3fc42f41784e2b9aa02a4988c565eb', '164956a9f1b84df9915cb2ff0a241ed4']",2022-08-09 22:51,2022-08-10 07:59,"2022-08-09 23:00 ~ 2022-08-09 23:17,2022-08-09 23:30 ~ 2022-08-10 00:00,2022-08-10 07:30 ~ 2022-08-10 07:59,",304.18333333333334,4.002412280701755,101.39444444444445,40.2,76.0,nurse
,,,,,,,,,,
14_nurse,"['5a816468abd24a83a9aab0928e47c42d', 'f8a8aed7932b46b8b3fc8ad7e0ae3efe', 'e447fd4c99554316bcab242dac3582e2']",2022-08-13 04:38,2022-08-13 12:21,"2022-08-13 11:00 ~ 2022-08-13 11:18,2022-08-13 11:30 ~ 2022-08-13 12:21,",215.3,3.120289855072464,71.76666666666667,37.8,69.0,nurse
14_nurse,"['cdbba235bd5f453f8900102c9a1df0bd', '9c255a6cc1a24713bc415575a049092a']",2022-08-14 21:37,2022-08-15 00:37,"2022-08-14 23:00 ~ 2022-08-14 23:04,",17.4,4.35,8.7,11.1,4.0,nurse
,,,,,,,,,,
11_9_5,"['30f143cfe85f48d4917d2b922a23dc3c', 'd95217da056a4555bd75bec4bad019be', 'b4156e03bb144a0996312041694254ee']",2022-08-09 22:39,2022-08-10 08:40,"2022-08-10 08:00 ~ 2022-08-10 08:09,2022-08-10 08:30 ~ 2022-08-10 08:40,",71.35,3.7552631578947366,23.78333333333333,21.3,19.0,9_5
11_9_5,"['de5d84ffb54743709a9d3dc689db6f87', '6ae7fb4b20ad41179b264674b6d238dc', 'c2e8f44490c2455396829d24667cd3e1']",2022-08-11 17:02,2022-08-11 19:02,"2022-08-11 17:00 ~ 2022-08-11 17:13,",46.36666666666667,3.566666666666667,15.455555555555556,19.2,13.0,9_5
,,,,,,,,,,
11_9_5,"['b16d7e83bb07422ab488c92dedc7f32e', '5487866acbdd439089cf9035049ad920']",2022-08-14 17:28,2022-08-14 20:28,"2022-08-14 17:00 ~ 2022-08-14 17:18,",68.1,3.783333333333333,34.05,15.9,18.0,9_5
12_9_5,"['a2be7730229546f0acaaa603e05721e4', '1a5ab8f07462476b84233938ee47f03c', '71231c7e6e314f84bb51a8e852f667c8']",2022-08-08 17:11,2022-08-08 21:11,"2022-08-08 17:00 ~ 2022-08-08 17:05,",18.583333333333336,3.7166666666666672,6.1944444444444455,16.5,5.0,9_5
12_9_5,"['6a9931146db34c2c9d6a63a4eccf5b35', '7a75172434454d43829b4a1e3d066e81', '3e5ee6d34d8144cb9e2c78112ea09c57']",2022-08-10 00:03,2022-08-10 08:21,"2022-08-10 08:00 ~ 2022-08-10 08:19,",72.51666666666667,3.8166666666666664,24.17222222222222,21.3,19.0,9_5
12_9_5,"['c8d16d586b134c4fa3201e3707decf33', '955bafbaf69d4763b780bc6fba560bca', 'c00a99e266bd4dbdb5b4bb694348c11f']",2022-08-11 17:04,2022-08-11 19:04,"2022-08-11 17:00 ~ 2022-08-11 17:15,",53.5,3.566666666666667,17.833333333333332,19.8,15.0,9_5
12_9_5,"['9d7f087052f846cf9e55d72a3781a46d', '934472d33dbc43bb9180133c49c828cc', '2b9e319e905a458eb28367ea8ca3760b']",2022-08-12 21:55,2022-08-13 08:49,"2022-08-13 08:00 ~ 2022-08-13 08:11,2022-08-13 08:30 ~ 2022-08-13 08:49,",112.96666666666667,3.7655555555555558,37.65555555555556,24.9,30.0,9_5
12_9_5,"['989a761cd55a42deb194e77a91520b39', '8099923f2ec048e7a1da7ffa50bc46dd']",2022-08-14 17:29,2022-08-14 20:29,"2022-08-14 17:00 ~ 2022-08-14 17:25,",94.58333333333333,3.783333333333333,47.291666666666664,18.0,25.0,9_5
,,,,,,,,,,
18_nurse,"['ce0ba362b36d4e85a10d85a4449050fb', 'a24c53834f6648f097822ec219147941', 'fa9ff08739ab43b88c8454663b20c48e']",2022-08-09 22:57,2022-08-10 08:15,"2022-08-09 23:30 ~ 2022-08-09 23:39,2022-08-10 07:30 ~ 2022-08-10 08:15,",211.9,3.924074074074074,70.63333333333334,32.7,54.0,nurse
18_nurse,"['8302e721cc16461fb13c53fe2d020613', '914e9a7cb71c4d9d82a492b3a6b4102f', 'b6632c140a594c5582de98666f06f1ac']",2022-08-11 17:03,2022-08-11 21:03,"2022-08-11 17:00 ~ 2022-08-11 17:13,",46.36666666666667,3.566666666666667,15.455555555555556,19.2,13.0,nurse
18_nurse,"['21593c50d1e447978ae105e4d1e47394', 'e977e351b8a54d91a88fbb8a04e219d0', 'd0da833015b24291becd3e243d6f6bf7']",2022-08-13 01:40,2022-08-13 12:56,"2022-08-13 12:30 ~ 2022-08-13 12:42,",37.0,3.0833333333333335,12.333333333333334,18.9,12.0,nurse
18_nurse,"['cda0279ab8fa4a11a9c91b98dc7604bc', '34d1a2c9010b4f77911b5f69ce2603c8']",2022-08-14 21:35,2022-08-14 23:35,"2022-08-14 22:30 ~ 2022-08-14 22:58,2022-08-14 23:00 ~ 2022-08-14 23:30,",253.23333333333335,4.3660919540229886,126.61666666666667,29.1,58.0,nurse
,,,,,,,,,,
20_9_5,"['127af5de26564fe4b3dacbcd03ec3336', 'edd201f9429c485ab33cbf29cd57a695', '227085a2935944269f351b2f65acce6b']",2022-08-10 01:34,2022-08-10 08:19,"2022-08-10 07:30 ~ 2022-08-10 07:57,2022-08-10 08:00 ~ 2022-08-10 08:19,",179.16666666666669,3.8949275362318843,59.72222222222223,30.3,46.0,9_5
20_9_5,"['46303517b7934df19d441ed2efad3bf7', 'f3b8dce77e1e4e1aa3a191b2556729e5', 'de2e144512a7485a84aa9d81aeebed71']",2022-08-11 17:52,2022-08-11 20:52,"2022-08-11 17:30 ~ 2022-08-11 17:50,",72.66666666666667,3.6333333333333337,24.222222222222225,21.6,20.0,9_5
20_9_5,"['7cfad294e1ed4c61a7bf30e72a6f6325', 'c53b1e0082014c969fed46b6b291c721', '15c66cd1d324480a812f117daeb14a76']",2022-08-12 21:42,2022-08-13 08:21,"2022-08-13 08:00 ~ 2022-08-13 08:17,",65.45,3.85,21.816666666666666,20.4,17.0,9_5
20_9_5,"['12159838aaa34a7daf92c17fd06a0f0f', '3b37de009b9b4418aa883b062975b4fa']",2022-08-14 17:46,2022-08-14 21:46,"2022-08-14 17:30 ~ 2022-08-14 17:44,",53.9,3.85,26.95,14.4,14.0,9_5
5_9_5,"['b3aafeb6f45646c48bfaec5a3bdabc1d', '5ca8997aebda40f3b55d4f1354f88ebb', 'f42741e253644428a4e93a66f898ac81']",2022-08-08 17:12,2022-08-08 19:12,"2022-08-08 17:00 ~ 2022-08-08 17:20,",72.66666666666666,3.633333333333333,24.222222222222218,21.6,20.0,9_5
5_9_5,"['e1045dfce68847f0b1402a6e2d1eea81', 'c65a9a6704ce47ec9b3a74a701aec7df', '5adc279994304f8699bec236887a9614']",2022-08-09 21:48,2022-08-10 08:27,"2022-08-10 08:00 ~ 2022-08-10 08:27,",103.05000000000001,3.816666666666667,34.35,23.7,27.0,9_5
5_9_5,"['a9e3be1d7967446d9cf244953fdb51e9', 'd544d6a9d68246c69e36c32ad2e55451', '6f06389f281e4882a9294355b18a6e12']",2022-08-11 17:38,2022-08-11 21:38,"2022-08-11 17:30 ~ 2022-08-11 18:05,",128.33333333333334,3.666666666666667,42.77777777777778,26.4,35.0,9_5
5_9_5,"['9daa404bca994532b8da258efadc2bc6', '8ab608979e67485e81fd37b9b3bd1b23', '8d4d2954cd4f4f09898df7b4acbafd4f']",2022-08-13 00:46,2022-08-13 08:20,"2022-08-13 07:30 ~ 2022-08-13 07:41,2022-08-13 08:00 ~ 2022-08-13 08:20,",121.0,3.903225806451613,40.333333333333336,25.2,31.0,9_5
,,,,,,,,,,
9_5_9,"['07f43492d3cc4f7f9505b655468fa649', '6984277817a142a7b4ea295091e61c87', '281873cba2df4ec9ab534c6d40eb0d6b']",2022-08-08 05:29,2022-08-08 09:29,"2022-08-08 08:30 ~ 2022-08-08 08:54,2022-08-08 09:00 ~ 2022-08-08 09:29,",198.10000000000002,3.7377358490566044,66.03333333333335,32.4,53.0,5_9
9_5_9,"['99f30eb45a514b9c903b814906019daa', '00ff63cff38c4ac9addcc6b9dc176cb2', '8abe352a87664ae69fc1ed331573d669']",2022-08-09 12:19,2022-08-09 20:22,"2022-08-09 12:30 ~ 2022-08-09 13:24,",163.8,3.0333333333333337,54.6,32.7,54.0,5_9
9_5_9,"['a11a42258cd94b97a6fc005aa674cec0', 'd136733e9e8f44a9965901f0ad82e6cd', 'ccc3aeff791748bdaa80c3511ee49194']",2022-08-11 05:22,2022-08-11 07:22,"2022-08-11 05:00 ~ 2022-08-11 05:09,2022-08-11 07:00 ~ 2022-08-11 07:22,",135.91666666666666,4.384408602150537,45.30555555555555,25.2,31.0,5_9
9_5_9,"['2c212a0832604b9283c04a296e699b96', '0d486a12171b4a64b9ac8ed7dfd81a13', '97613dd18e5c472fa1922d87f83f1946']",2022-08-12 11:30,2022-08-12 20:09,"2022-08-12 13:30 ~ 2022-08-12 13:51,",71.39999999999999,3.3999999999999995,23.799999999999997,21.9,21.0,5_9
,,,,,,,,,,
8_nurse,"['1aa81f30b20f4193bb2bac5cb9f100cd', '9f948de71aad4b99b4bbb35b1007818e', '2abde03c9cc8465c9731c10d19932493']",2022-08-08 09:07,2022-08-08 12:07,"2022-08-08 11:30 ~ 2022-08-08 11:57,2022-08-08 12:00 ~ 2022-08-08 12:07,",112.65,3.3132352941176473,37.550000000000004,26.1,34.0,nurse
8_nurse,"['c876da4953174e97a6ca2c5084936f99', '932468553a834149b49cba4c953b7f7f', 'f7910106902f4dfb8b2429c2b373950b']",2022-08-09 14:09,2022-08-10 00:37,"2022-08-09 14:00 ~ 2022-08-09 14:41,",127.15,3.1012195121951223,42.38333333333333,28.5,41.0,nurse
,,,,,,,,,,
8_nurse,"['38547d9115494321b30f59b846a64c97', '9d01b963cccb45c396f5411733de8253', '0d083142217148cabab5166c2e80dc27']",2022-08-12 23:04,2022-08-13 08:19,"2022-08-13 07:30 ~ 2022-08-13 07:34,2022-08-13 08:00 ~ 2022-08-13 08:19,",89.15,3.8760869565217395,29.71666666666667,22.5,23.0,nurse
,,,,,,,,,,
,,,,,,,,,,
10_nurse,"['75e16ac641e84f11b8bf318e52e9481a', 'bbda8b8e50274cb7a83a39f15a3c346f', 'e3d9b572af9b4cbe95c20a28f751e32d']",2022-08-09 15:33,2022-08-10 00:03,"2022-08-09 15:30 ~ 2022-08-09 16:43,",251.0,3.4383561643835616,83.66666666666667,39.0,73.0,nurse
,,,,,,,,,,
,,,,,,,,,,
,,,,,,,,,,
11_5_9,"['915b4a841f7f4f51b5712d018e9576f1', '83e4d57a7a224b58a6ab381464901745', '2af00d89dc894c8d8d0ade355b41039b']",2022-08-08 05:37,2022-08-08 08:37,"2022-08-08 08:00 ~ 2022-08-08 08:26,2022-08-08 08:30 ~ 2022-08-08 08:37,",126.15,3.8227272727272728,42.050000000000004,25.8,33.0,5_9
11_5_9,"['ab1b1700129546398f68e3f046cedd31', 'ac5e48c7803243019bfc1f5c7a74a294', 'c1237a927e024699ba660b32219123fe']",2022-08-09 09:28,2022-08-09 20:08,"2022-08-09 13:00 ~ 2022-08-09 13:05,",15.166666666666666,3.033333333333333,5.055555555555555,16.5,5.0,5_9
,,,,,,,,,,
11_5_9,"['3c395a649feb4399b33f1c64eccbfd06', '066e8fb8ad09419b86049852ae3191d8', 'b24ad96970964c78bb08dc550a2ea167']",2022-08-12 09:02,2022-08-12 20:54,"2022-08-12 13:30 ~ 2022-08-12 13:34,2022-08-12 16:30 ~ 2022-08-12 17:00,",115.6,3.4,38.53333333333333,26.1,34.0,5_9
11_5_9,"['163efd41d192424394bd5e63b6e21c98', 'b79a930a40f141fb97248c392da62624']",2022-08-14 05:39,2022-08-14 09:39,"2022-08-14 09:00 ~ 2022-08-14 09:27,",80.10000000000001,2.966666666666667,40.050000000000004,18.9,27.0,5_9
,,,,,,,,,,
1_9_5,"['6f7d567d8ac243bf935e6439a80ecbf3', '2e08d8606d73460ca53fc6b835d66dce', 'ac692ea43a074fa298347b6e4c10a5ed']",2022-08-09 23:06,2022-08-10 08:10,"2022-08-09 23:30 ~ 2022-08-09 23:55,2022-08-10 07:30 ~ 2022-08-10 08:10,",257.08333333333337,3.9551282051282057,85.69444444444446,36.6,65.0,9_5
1_9_5,"['8d4378fa3de8444f84e1a47b91a24903', '32bbb9d956034482b2de6f0255f859e2', '1e362b23fe0f4a7599e7bf2abba70afd']",2022-08-11 17:08,2022-08-11 19:08,"2022-08-11 17:00 ~ 2022-08-11 17:02,",7.133333333333334,3.566666666666667,2.3777777777777778,15.6,2.0,9_5
1_9_5,"['4756c8d33394481aae08f1ccb0a52ec6', '55e4648c19d048c48b66138175fd5492', '23d11dd74d884b4c9cbfe93cb5f50c4f']",2022-08-12 23:35,2022-08-13 08:27,"2022-08-13 08:00 ~ 2022-08-13 08:16,",61.6,3.85,20.533333333333335,20.1,16.0,9_5
,,,,,,,,,,
,,,,,,,,,,
8_5_9,"['51327c90740849bb8fd01e151135809c', '06436bd2059c4d9c91a9d861a07dd55b', '5d41c4a3c66b4568bcc680cdccecf5f6']",2022-08-09 10:41,2022-08-09 20:27,"2022-08-09 12:30 ~ 2022-08-09 13:30,2022-08-09 14:00 ~ 2022-08-09 14:03,",191.25,3.0357142857142856,63.75,35.7,63.0,5_9
8_5_9,"['87601057b5d0445986c8d66571590a44', '8f7d14677d6a41e1b95b31d346935206', 'c0e49d5f5394491d89e2df8256951637']",2022-08-11 05:27,2022-08-11 09:27,"2022-08-11 09:00 ~ 2022-08-11 09:26,",98.8,3.8,32.93333333333333,23.4,26.0,5_9
8_5_9,"['61286e27f9874606b40d3dc99270513f', 'e67bf4e1ead84ac5ae23a7331eaf9292', '75f65b452a8c4d3f8b10014944836db2']",2022-08-12 11:53,2022-08-12 20:41,"2022-08-12 13:30 ~ 2022-08-12 14:00,2022-08-12 16:30 ~ 2022-08-12 16:45,",153.0,3.4,51.0,29.7,45.0,5_9
,,,,,,,,,,
2_nurse,"['86feaff02bf84b39a00bde6ef6854b12', '665400befdc04959a16c149cc7e8e2c8', 'afd3855436e04a22870e2e2e24414094']",2022-08-08 09:43,2022-08-08 13:43,"2022-08-08 12:00 ~ 2022-08-08 12:04,2022-08-08 12:30 ~ 2022-08-08 13:30,",209.7,3.2765625,69.89999999999999,36.3,64.0,nurse
2_nurse,"['b0a5db0ce3d745319ae12575cb5742b6', 'b1face2b35994f7b99c72a07c06d79d3', 'c31f59ed3c10485ea6143912cd2f4d41']",2022-08-09 15:11,2022-08-10 00:14,"2022-08-09 15:00 ~ 2022-08-09 15:37,",122.68333333333334,3.3157657657657658,40.894444444444446,27.0,37.0,nurse
,,,,,,,,,,
,,,,,,,,,,
2_nurse,"['afb998dbac3d497693f145688171c867', '4f3909c5174c47399ccd283fdb9b5f1b']",2022-08-14 17:13,2022-08-14 21:13,"2022-08-14 17:00 ~ 2022-08-14 17:16,",60.53333333333333,3.783333333333333,30.266666666666666,15.0,16.0,nurse
14_5_9,"['35d613964100488c8578fe742c7f902a', 'b88ac51a18ee42a6a053efadf8345b8f', '15c10cb323b741cbbf896024138a58c2']",2022-08-08 05:46,2022-08-08 09:46,"2022-08-08 09:30 ~ 2022-08-08 09:35,",18.0,3.6,6.0,16.5,5.0,5_9
14_5_9,"['29dbbc8185f943dcbc7235256c844f58', 'b8f33480a27c445b82cc691a932a2b7d', '0036764a545a4faab622db31017ef8e4']",2022-08-09 13:34,2022-08-09 20:16,"2022-08-09 14:00 ~ 2022-08-09 14:11,",33.91666666666667,3.083333333333334,11.305555555555557,18.6,11.0,5_9
,,,,,,,,,,
14_5_9,"['d7be33951d174c5b9029626a45d3a43b', '103a953db6ce4396a05b64897d50854b', 'df256c59d0874b3891929b154694c2b2']",2022-08-12 11:16,2022-08-12 20:46,"2022-08-12 13:30 ~ 2022-08-12 14:00,2022-08-12 16:30 ~ 2022-08-12 16:52,",176.8,3.4000000000000004,58.93333333333334,32.1,52.0,5_9
14_5_9,"['559fa66649814c529d4a3209dc12be93', '78219f8ef0cb4b5990c3f173ccccfb9c']",2022-08-14 05:24,2022-08-14 08:24,"2022-08-14 08:00 ~ 2022-08-14 08:23,",77.81666666666666,3.3833333333333333,38.90833333333333,17.4,23.0,5_9
6_5_9,"['f8c91eb854614dfa83ed78b986d72b44', '73a8bf73b8e248e9b2b7fbdbff5d99c9', '46c35a509b9142019d66f676c9115159']",2022-08-08 05:12,2022-08-08 08:12,"2022-08-08 08:00 ~ 2022-08-08 08:11,",42.16666666666667,3.833333333333334,14.055555555555557,18.6,11.0,5_9
6_5_9,"['de4d785e07cf4ae0b1ab218360a32af5', '1c62d57365e74eaebec5445848923455', '341967cfbef0450f8a9793dd1856088e']",2022-08-09 09:33,2022-08-09 20:14,"2022-08-09 12:30 ~ 2022-08-09 13:17,",142.56666666666666,3.033333333333333,47.52222222222222,30.6,47.0,5_9
6_5_9,"['bd318514bcee4ade85fd824eccb0bd5f', '717b106316124958bea0faca531893d9', 'd615c3fbd4cd4eeabb4afacb44d6c92d']",2022-08-11 05:01,2022-08-11 07:01,"2022-08-11 05:00 ~ 2022-08-11 05:18,2022-08-11 07:00 ~ 2022-08-11 07:01,",86.21666666666665,4.537719298245613,28.738888888888884,21.0,19.0,5_9
6_5_9,"['d5aced28ec16497db5b50dcec03fc940', '2ebc51621bd74f0796d416604e1972bd', '58574492917241d9a593402533642634']",2022-08-12 11:27,2022-08-12 20:04,"2022-08-12 13:00 ~ 2022-08-12 13:09,2022-08-12 13:30 ~ 2022-08-12 14:00,2022-08-12 16:30 ~ 2022-08-12 17:00,",234.75,3.402173913043478,78.25,37.8,69.0,5_9
6_5_9,"['9170a27714bf472099c53b57588703f4', 'd20c284994a047ee8ad20f3f37f0f770']",2022-08-14 05:43,2022-08-14 07:43,"2022-08-14 07:00 ~ 2022-08-14 07:05,",17.75,3.55,8.875,11.4,5.0,5_9
12_5_9,"['7c56f06b827c46cc8529221589d8d787', '1299bbc937e2410084f46c595106b705', '91712a973c7040388e6b2cf0995ddd8b']",2022-08-08 05:20,2022-08-08 08:20,"2022-08-08 07:30 ~ 2022-08-08 07:46,2022-08-08 08:00 ~ 2022-08-08 08:20,",139.33333333333334,3.8703703703703707,46.44444444444445,26.7,36.0,5_9
12_5_9,"['6a8a4e01a92d4a66bb0ac4d5b6863a48', 'cde1e13b6fa54114a7f78837d705c91e', 'ba281e92a2ff435d9d585862434e775e']",2022-08-09 12:42,2022-08-09 20:45,"2022-08-09 12:30 ~ 2022-08-09 12:47,",51.56666666666666,3.033333333333333,17.188888888888886,20.4,17.0,5_9
12_5_9,"['e00a1507663e4ab6ab16a04cb72d898a', '291460211e114b688b1a6e6448343eee', '059d5ab995614817b0c54794169cd04d']",2022-08-11 05:36,2022-08-11 09:36,"2022-08-11 09:00 ~ 2022-08-11 09:36,",136.6,3.7944444444444443,45.53333333333333,26.7,36.0,5_9
12_5_9,"['0b8a4da0f9824fd5bcef28bb282b4876', '85fdf4c283854a3c9979105e68ae8f63', '13155b66f8754766b2f4656d9f52fed0']",2022-08-12 11:16,2022-08-12 20:05,"2022-08-12 13:30 ~ 2022-08-12 14:00,2022-08-12 16:30 ~ 2022-08-12 16:37,",125.8,3.4,41.93333333333333,27.0,37.0,5_9
,,,,,,,,,,
,,,,,,,,,,
,,,,,,,,,,
14_9_5,"['7d0d90611e324ad3b2cef567c24060a3', '1a77c155c3204a3480aca36cf2b1f05f', 'f33b0b22efe0438d8988be566ba5c668']",2022-08-11 17:32,2022-08-11 20:32,"2022-08-11 17:30 ~ 2022-08-11 18:08,",139.93333333333334,3.6824561403508773,46.644444444444446,27.6,38.0,9_5
14_9_5,"['3648dcd094d34658a3eabf56431a9d36', '51ed86d030a1424f81cf3c0c7b16347a', '26ff54640b214b4295f4a66b754508fd']",2022-08-12 21:40,2022-08-13 08:15,"2022-08-13 07:30 ~ 2022-08-13 07:51,2022-08-13 08:00 ~ 2022-08-13 08:15,",141.75,3.9375,47.25,26.7,36.0,9_5
14_9_5,"['23189f9481e54c498afe1bff8266de43', 'e9b1bd4447b0441198b290e173dc5708']",2022-08-14 17:57,2022-08-14 21:57,"2022-08-14 17:30 ~ 2022-08-14 17:52,",84.7,3.85,42.35,17.1,22.0,9_5
20_nurse,"['aa638b08a00d431b85ae530ebd5b54c3', '4bf861dc0ad24267bc21ee9eee1ddff2', '707f8d4f1ff44e30bb4195942c633144']",2022-08-08 17:03,2022-08-08 21:03,"2022-08-08 17:00 ~ 2022-08-08 17:10,",37.16666666666667,3.7166666666666672,12.388888888888891,18.0,10.0,nurse
20_nurse,"['3b91e74992004c4fba2c7819bbd01e90', '6728449a8bf248f4a5f67569373c9e76', 'e42406bc49564ac39f9601122e51235c']",2022-08-10 01:36,2022-08-10 08:21,"2022-08-10 08:00 ~ 2022-08-10 08:13,",49.61666666666667,3.816666666666667,16.538888888888888,19.2,13.0,nurse
20_nurse,"['f3806cd89f2d4980b8dac78739c7f9c1', 'c09028717b5a497ca646b7f1a514fe81', '5650ba0352844d1e91ae045dc5889b8d']",2022-08-11 17:04,2022-08-11 21:04,"2022-08-11 17:00 ~ 2022-08-11 17:40,",143.33333333333334,3.5833333333333335,47.77777777777778,28.2,40.0,nurse
20_nurse,"['3ebbe234537647f3a7f21b9deeb41ff6', '9e9ef1058a0d45a4801e782bc4d68107', 'd163da6d581c4942b90eeb5d7ec91e1b']",2022-08-13 03:18,2022-08-13 12:39,"2022-08-13 12:00 ~ 2022-08-13 12:06,2022-08-13 12:30 ~ 2022-08-13 12:39,",46.35,3.0900000000000003,15.450000000000001,19.8,15.0,nurse
,,,,,,,,,,
,,,,,,,,,,
15_5_9,"['a6b1377df7f14880b88a13bded9bf403', '9066208903624e63a16abd5269758617', '652e2cb3709d4b1eb588e592a6b16f19']",2022-08-09 13:26,2022-08-09 20:57,"2022-08-09 13:00 ~ 2022-08-09 13:09,2022-08-09 14:00 ~ 2022-08-09 14:30,",118.39999999999999,3.0358974358974358,39.46666666666666,27.9,39.0,5_9
,,,,,,,,,,
15_5_9,"['05358f9de54d42d5941adfb61d51690c', '36ef551226264d9291b4aab3e9556d27', '5618d07d679b47ef8a5de5796edcb08d']",2022-08-12 10:43,2022-08-12 20:21,"2022-08-12 13:30 ~ 2022-08-12 14:00,2022-08-12 16:30 ~ 2022-08-12 16:44,",149.6,3.4,49.86666666666667,29.4,44.0,5_9
15_5_9,"['a9a06e535e6a4a398ba16d99e9e48f48', '37dbf62639834b95aa6fcdfcde6e0440']",2022-08-14 05:38,2022-08-14 08:38,"2022-08-14 08:00 ~ 2022-08-14 08:14,2022-08-14 08:30 ~ 2022-08-14 08:38,",72.56666666666666,3.2984848484848484,36.28333333333333,17.1,22.0,5_9
,,,,,,,,,,
5_5_9,"['ce221f85a5664c2195b8d50985744502', '94cb44d7719948fe90492271511dd14e', 'f54afe20c6584079b88f99bf58b547ba']",2022-08-09 11:49,2022-08-09 20:20,"2022-08-09 12:30 ~ 2022-08-09 13:06,",109.2,3.033333333333333,36.4,26.7,36.0,5_9
,,,,,,,,,,
5_5_9,"['b59d591064ff4b9b8f46442389d4dd61', 'c8ba9ab5ba9d47ba8b901b3c5d404c31', '259623941d504ea6a9be6a6c54048c64']",2022-08-12 11:30,2022-08-12 20:31,"2022-08-12 13:30 ~ 2022-08-12 14:00,2022-08-12 16:30 ~ 2022-08-12 16:37,",125.8,3.4,41.93333333333333,27.0,37.0,5_9
5_5_9,"['9e6d83769a47458bbf203a2fae58c514', 'ef841d587357476f8079940e91278565']",2022-08-14 05:46,2022-08-14 08:46,"2022-08-14 08:00 ~ 2022-08-14 08:18,2022-08-14 08:30 ~ 2022-08-14 08:46,",111.3,3.273529411764706,55.65,21.3,34.0,5_9
,,,,,,,,,,
17_5_9,"['d9b1c67b7cb9481fa39d404e24b1e5ea', 'c418e6acd5b140fbb8b0887d0905f0f4', '36c660d0bd694a4382639b36ad340015']",2022-08-09 11:43,2022-08-09 20:22,"2022-08-09 12:30 ~ 2022-08-09 13:17,",142.56666666666666,3.033333333333333,47.52222222222222,30.6,47.0,5_9
17_5_9,"['05c1b0facb5c469087b8d754ccba4443', '82a375c265fc4477bafa08b819dda4b5', '9896fb9faeaf4e2092e1e1bf7c96c1e1']",2022-08-11 05:02,2022-08-11 08:02,"2022-08-11 07:30 ~ 2022-08-11 07:42,2022-08-11 08:00 ~ 2022-08-11 08:02,",59.46666666666667,4.247619047619048,19.822222222222223,19.5,14.0,5_9
17_5_9,"['88a487fd5c0b492083ccfb5afafb096e', '8b9232e562f5461ebe3502377a64b1e6', '829b7d81aa1b4ce0abf0c01f86a21c68']",2022-08-12 11:54,2022-08-12 20:25,"2022-08-12 13:30 ~ 2022-08-12 14:00,2022-08-12 16:30 ~ 2022-08-12 16:45,",153.0,3.4,51.0,29.7,45.0,5_9
,,,,,,,,,,
3_9_5,"['3db9ce67d5494017a428e207a2616bcb', 'f9d5ad083cae4d1c9da28a4371aea10f', '1116ac02296c4729a6a2d20a4092fcf2']",2022-08-08 17:22,2022-08-08 21:22,"2022-08-08 17:00 ~ 2022-08-08 17:41,",152.63333333333333,3.7227642276422763,50.87777777777777,28.5,41.0,9_5
3_9_5,"['b7d709423955413d8c30a5126fc13b89', '26af3679d14541649b5d6053d5b5cd0b', 'f0fded610df64348ac9e6d80623d43a9']",2022-08-09 22:57,2022-08-10 08:22,"2022-08-10 08:00 ~ 2022-08-10 08:21,",80.15,3.816666666666667,26.71666666666667,21.9,21.0,9_5
,,,,,,,,,,
3_9_5,"['0b8a503c55474868a5834034d0379df5', '384fbc8776f34a1399ecb961cff5860f', 'e397c63626d04f86bd0fd807707035bb']",2022-08-13 01:26,2022-08-13 08:00,"2022-08-13 05:00 ~ 2022-08-13 05:30,2022-08-13 07:00 ~ 2022-08-13 07:05,2022-08-13 07:30 ~ 2022-08-13 08:00,",264.1666666666667,4.064102564102565,88.05555555555556,36.6,65.0,9_5
3_9_5,"['c8c8eaffab0c415a8a5ef6e7606bc6c1', 'dd45fa0210a04947b99887c0c1e64377']",2022-08-14 17:54,2022-08-14 19:54,"2022-08-14 17:30 ~ 2022-08-14 17:49,",73.15,3.85,36.575,16.2,19.0,9_5
,,,,,,,,,,
4_9_5,"['9cf4b276a39f41048136a8b29e84bc7e', '834a6259132a4e3e9a9114f283f09aa4', 'e9259735ae9740eda2588ff2ad56dbd2']",2022-08-09 23:01,2022-08-10 08:17,"2022-08-10 08:00 ~ 2022-08-10 08:14,",53.43333333333334,3.816666666666667,17.811111111111114,19.5,14.0,9_5
4_9_5,"['4fead2576e37415db53fe8176a1c2671', '3bc348ebf85541d892d1459a130466bf', 'c21acfcb3a87438db1751ca0689e992a']",2022-08-11 17:44,2022-08-11 20:44,"2022-08-11 17:30 ~ 2022-08-11 17:40,",36.333333333333336,3.6333333333333337,12.111111111111112,18.3,10.0,9_5
,,,,,,,,,,
4_9_5,"['86fd5b321c434735bb413be33978871b', 'bd08cba15be24652848e9ce2cdc620b5']",2022-08-14 17:57,2022-08-14 20:57,"2022-08-14 17:30 ~ 2022-08-14 18:24,",209.6,3.8814814814814813,104.8,27.9,54.0,9_5
2_5_9,"['3867ada973fd40788f7ba41ef8648616', '185df8f0c5cd4e15acaacd1fbd44140b', 'db08e43234fb42f88d2edb6f2f4b066f']",2022-08-08 05:16,2022-08-08 09:16,"2022-08-08 09:00 ~ 2022-08-08 09:05,",18.5,3.7,6.166666666666667,16.5,5.0,5_9
2_5_9,"['33f4a3f319574c74a6b2995ed7e18cac', 'cc1caea0aa714827b232a878d2a85773', '45e164284a9141a5980ddd2a184363e9']",2022-08-09 10:23,2022-08-09 20:38,"2022-08-09 12:30 ~ 2022-08-09 12:35,",15.166666666666666,3.033333333333333,5.055555555555555,16.5,5.0,5_9
2_5_9,"['cfc3a38906944c4d85d3206c65a165a5', '9db0dc4ce5e2450dad15aa4113a1f265', '2a8bf8361d20412cb5de7511e3332407']",2022-08-11 05:06,2022-08-11 07:06,"2022-08-11 05:00 ~ 2022-08-11 05:18,2022-08-11 07:00 ~ 2022-08-11 07:06,",107.79999999999998,4.491666666666666,35.93333333333333,22.8,24.0,5_9
2_5_9,"['7270df9d156e46d1a4bee98beb7f299e', 'f5cc407fbe144faaaac62b5bd2b86ec1', '73d1eb9df8c74effb7f728087b60d439']",2022-08-12 09:52,2022-08-12 20:10,"2022-08-12 13:30 ~ 2022-08-12 14:00,2022-08-12 16:30 ~ 2022-08-12 16:43,",146.2,3.4,48.73333333333333,29.1,43.0,5_9
2_5_9,"['2288381e3bb44f30a6ba6f9da032c376', '933e6c87e33b4821b40932d241a221fb']",2022-08-14 05:18,2022-08-14 09:18,"2022-08-14 08:30 ~ 2022-08-14 08:32,2022-08-14 09:00 ~ 2022-08-14 09:18,",59.7,2.9850000000000003,29.85,16.5,20.0,5_9
7_9_5,"['900e997a59e14e70b168af17b198b3fe', '4527ef8243ea4edc814f0da7d18e60df', '7e293f45a7124b5cab64509fc41c390f']",2022-08-08 17:44,2022-08-08 21:44,"2022-08-08 17:30 ~ 2022-08-08 17:43,",50.483333333333334,3.8833333333333333,16.82777777777778,19.2,13.0,9_5
7_9_5,"['6fbd7de275c84ecf8ee055f48071a289', '9db1cba2d92b46508780bae6eb1dd7e6', 'd6b086758cd94ef8ae0fbd38041d1923']",2022-08-09 21:43,2022-08-10 08:20,"2022-08-10 07:30 ~ 2022-08-10 07:45,2022-08-10 08:00 ~ 2022-08-10 08:20,",135.58333333333334,3.8738095238095243,45.19444444444445,26.4,35.0,9_5
7_9_5,"['f5939bc5e9eb49c09009356d3163ea9b', '9f5fa3d3c4e5495f8de67faaf793fc7a', 'c73a0a1cdf3b4628b23c1bcfdffe6869']",2022-08-11 17:28,2022-08-11 21:28,"2022-08-11 17:00 ~ 2022-08-11 17:53,",188.93333333333334,3.5647798742138366,62.97777777777778,32.4,53.0,9_5
,,,,,,,,,,
7_9_5,"['c129b005ef26480f8a4ca1f74ff7273f', '1b1859783f744b90b76edb5c024fc0ff']",2022-08-14 17:44,2022-08-14 19:44,"2022-08-14 17:30 ~ 2022-08-14 17:37,",26.95,3.85,13.475,12.0,7.0,9_5
7_5_9,"['a731647a3203430f824171aa6c40d992', 'f5746ba42e27477c86382beb3e59a43d', 'a41ced93cc3b4d08b9b07ade29167f5f']",2022-08-08 06:01,2022-08-08 08:01,"2022-08-08 07:30 ~ 2022-08-08 07:46,2022-08-08 08:00 ~ 2022-08-08 08:01,",66.5,3.911764705882353,22.166666666666668,20.4,17.0,5_9
7_5_9,"['f68157d025f941c49abb5b0ef7a4b6b1', 'eae1f25231c747ed853c6e830f14edef', '4e584a433c1b40529fb5a3286796050e']",2022-08-09 11:07,2022-08-09 20:46,"2022-08-09 12:30 ~ 2022-08-09 12:58,",84.93333333333334,3.0333333333333337,28.311111111111114,24.0,28.0,5_9
7_5_9,"['48adc2bd03184ca2a28d086a6b63b242', '0fa0ff88d32f46e3b5c7719fe1351b3f', '08e7315f787d4f9bb3968f45e959e001']",2022-08-11 05:09,2022-08-11 08:09,"2022-08-11 07:30 ~ 2022-08-11 07:40,2022-08-11 08:00 ~ 2022-08-11 08:09,",80.6,4.242105263157894,26.866666666666664,21.3,19.0,5_9
,,,,,,,,,,
7_5_9,"['36c61a1bb902418bb6988ef444470628', '46cbe4fc74834c339f77fe2a5fd28482']",2022-08-14 06:01,2022-08-14 10:01,"2022-08-14 09:00 ~ 2022-08-14 09:19,2022-08-14 10:00 ~ 2022-08-14 10:01,",59.3,2.965,29.65,16.5,20.0,5_9
2_9_5,"['c7ae5095d0394599b6e905ddd14e033e', 'aafb0242121a436f88ae28f48ff392e8', '99a57e0ac87647b6a70dd1fc895cc1b4']",2022-08-08 17:49,2022-08-08 20:49,"2022-08-08 17:30 ~ 2022-08-08 17:38,",31.066666666666666,3.8833333333333333,10.355555555555556,17.4,8.0,9_5
2_9_5,"['b927896f16c24321870a55ab326514da', '7c23d9bf052148388a1c74d81a0a3e7e', '472c66e42e3c49db81d650a83d0e1e52']",2022-08-09 22:00,2022-08-10 08:17,"2022-08-09 23:30 ~ 2022-08-09 23:15,2022-08-10 07:30 ~ 2022-08-10 08:17,2022-08-10 08:00 ~ 2022-08-10 08:30,",239.89999999999998,3.8693548387096772,79.96666666666665,35.4,62.0,9_5
,,,,,,,,,,
2_9_5,"['6e9d19fdae1d409093f179269916110f', '6a147e368df4478aac075cdbb10797cd', '13389263f9e54b55b25b7352807d9f1b']",2022-08-12 21:39,2022-08-13 08:34,"2022-08-13 08:00 ~ 2022-08-13 08:03,2022-08-13 08:30 ~ 2022-08-13 08:34,",26.416666666666668,3.773809523809524,8.805555555555555,17.1,7.0,9_5
,,,,,,,,,,
,,,,,,,,,,
,,,,,,,,,,
10_5_9,"['fafcb8c693ea418f9e967d5cbe1bf52d', 'bee343c40b1742909b388b42d385f984', 'bed18426922240acaa92a7a014fdbe9e']",2022-08-11 05:45,2022-08-11 07:45,"2022-08-11 07:00 ~ 2022-08-11 07:27,2022-08-11 07:30 ~ 2022-08-11 07:45,",180.3,4.292857142857143,60.1,28.8,42.0,5_9
,,,,,,,,,,
10_5_9,"['d10fc3e5176642169f585902ff024382', '29b4e2447c5f4291bf561bf1576968cb']",2022-08-14 05:05,2022-08-14 07:05,"2022-08-14 05:00 ~ 2022-08-14 05:38,2022-08-14 07:00 ~ 2022-08-14 07:05,",161.65,3.7593023255813955,80.825,24.3,43.0,5_9
18_5_9,"['40c82e58f5484d208683df90123a516d', 'c2bc7a62db544dd4998aeb4cd8aa219c', 'ce425b0ca28b46e797829ddc1b82ec08']",2022-08-08 05:44,2022-08-08 08:44,"2022-08-08 08:00 ~ 2022-08-08 08:44,",167.96666666666667,3.8174242424242424,55.98888888888889,29.4,44.0,5_9
,,,,,,,,,,
,,,,,,,,,,
18_5_9,"['ace03388236d4f919c8961d3754e4a8d', '50b0f22d4d584e69bb36848b7df3e803', '15810d375d394db6b58e7a682c651bfa']",2022-08-12 11:03,2022-08-12 20:05,"2022-08-12 13:00 ~ 2022-08-12 13:21,2022-08-12 13:30 ~ 2022-08-12 14:00,2022-08-12 16:30 ~ 2022-08-12 17:00,",275.75,3.404320987654321,91.91666666666667,41.7,81.0,5_9
,,,,,,,,,,
19_5_9,"['a81bede6d8e840779ca6066109cba1d0', 'b57177e6b7b6467d92c85f3b4d1db6d2', '2f2f115391494b06b1cfb23a8dd14153']",2022-08-08 05:05,2022-08-08 09:05,"2022-08-08 08:30 ~ 2022-08-08 08:44,2022-08-08 09:00 ~ 2022-08-08 09:05,",71.46666666666667,3.76140350877193,23.822222222222223,21.0,19.0,5_9
19_5_9,"['c0ed2222e8f448b6b399ed017503d24b', '7deeb8b370704f95863059e88f1f92c1', '47c59938715b4bb8b9b383e9b23879fb']",2022-08-09 11:28,2022-08-09 20:05,"2022-08-09 12:30 ~ 2022-08-09 13:17,",142.56666666666666,3.033333333333333,47.52222222222222,30.6,47.0,5_9
,,,,,,,,,,
19_5_9,"['ecc27c21da8f4c859ad26625461e157d', '9a5d2521670145a1924641d7e6404912', 'dc85cacb5e4d4a4ea856edaaba779783']",2022-08-12 13:03,2022-08-12 20:42,"2022-08-12 13:30 ~ 2022-08-12 13:52,",74.8,3.4,24.933333333333334,22.2,22.0,5_9
19_5_9,"['28ea17af831e485ca65035f94bfd2e8d', 'da317bd0dce44e97bf447cac7a4a61f1']",2022-08-14 05:43,2022-08-14 07:43,"2022-08-14 05:30 ~ 2022-08-14 05:35,2022-08-14 07:00 ~ 2022-08-14 07:43,",171.86666666666667,3.5805555555555557,85.93333333333334,25.8,48.0,5_9
13_nurse,"['9921ea0a6a57432bb2d3aac2c3ce8629', '03a4fc522bda4f30864ebce78db91d6e', 'd01fb9fa91e149b19c885fb9ae372a1c']",2022-08-08 17:28,2022-08-08 20:28,"2022-08-08 17:00 ~ 2022-08-08 17:32,",119.26666666666667,3.7270833333333333,39.75555555555555,25.5,32.0,nurse
,,,,,,,,,,
,,,,,,,,,,
13_nurse,"['94f5af7196224a00b29d20fa516e02b5', 'fccfc769eb9a402f9b49907604648793', '4e95d59079124563b1fa9e4692eb2533']",2022-08-13 05:21,2022-08-13 12:22,"2022-08-13 12:00 ~ 2022-08-13 12:18,",55.800000000000004,3.1,18.6,20.7,18.0,nurse
,,,,,,,,,,
10_9_5,"['22336af0f8d14335a3ec8d888a2f58af', '8b71841881f64d338901bd04c1c7d20f', '31cb460f31a54c5fa3ee32b1216b105b']",2022-08-08 17:59,2022-08-08 20:59,"2022-08-08 17:30 ~ 2022-08-08 17:47,",66.01666666666667,3.8833333333333333,22.005555555555556,20.4,17.0,9_5
10_9_5,"['92f1de068c924704a94c8714e9972ded', '3a0fddff14ae48e6a9d8a053da781c36', 'd49d90d7c2cb42d386d053301065beba']",2022-08-09 21:44,2022-08-10 08:15,"2022-08-10 07:30 ~ 2022-08-10 07:52,2022-08-10 08:00 ~ 2022-08-10 08:15,",144.15,3.8959459459459462,48.050000000000004,27.0,37.0,9_5
,,,,,,,,,,
10_9_5,"['4ff53e12915c493ba48a068470df1bb2', 'ec43fba3198346e3a8e3424a28751dea', '3a8cf641bfb6449abf622a18ef8310b8']",2022-08-13 00:46,2022-08-13 08:23,"2022-08-13 08:00 ~ 2022-08-13 08:13,",50.050000000000004,3.8500000000000005,16.683333333333334,19.2,13.0,9_5
10_9_5,"['bfaff437b8af4805aa3df1ce03ec4e7b', 'bf96f2fc60af41c8b4801b176a8d8f41']",2022-08-14 17:37,2022-08-14 21:37,"2022-08-14 17:30 ~ 2022-08-14 17:56,",99.76666666666667,3.8371794871794873,49.88333333333333,18.6,26.0,9_5
20_5_9,"['6ad75cca036d45bdbfb8476809f76517', 'f65ad4ab334a42ab8f7b794e5a630e49', '5b8f3fe166304c2e8c0bf61675873c81']",2022-08-08 05:57,2022-08-08 07:57,"2022-08-08 07:00 ~ 2022-08-08 07:19,2022-08-08 07:30 ~ 2022-08-08 07:57,",184.28333333333336,4.006159420289856,61.427777777777784,30.0,46.0,5_9
20_5_9,"['fd6ebc01a8124619b268e6c3dffa6cd6', 'a4e7b588f48548f6a4319569cb77c2a9', 'bce079eed4af48cc8b5a3ad1e6b4cdb6']",2022-08-09 11:50,2022-08-09 20:43,"2022-08-09 12:30 ~ 2022-08-09 13:07,",112.23333333333333,3.033333333333333,37.41111111111111,27.3,37.0,5_9
20_5_9,"['e0ac918d550d45b79c4e1de31c111907', '4e283bfbff0d45d9aa106f9dd3fc62de', '7aede6fcf9654d0eb5e3585cdfd5ccae']",2022-08-11 05:52,2022-08-11 09:52,"2022-08-11 09:00 ~ 2022-08-11 09:24,2022-08-11 09:30 ~ 2022-08-11 09:52,",174.06666666666666,3.7840579710144926,58.02222222222222,30.3,46.0,5_9
20_5_9,"['fa762f2678f24677bb7fe3f2dcdf3d91', 'fb09323a9ed24d18b15abb13106adf7e', '0f6d5d87255644a3ba12c34974747ada']",2022-08-12 11:20,2022-08-12 20:49,"2022-08-12 13:30 ~ 2022-08-12 13:34,",13.6,3.4,4.533333333333333,16.2,4.0,5_9
20_5_9,"['0e1d2e43771e4565906cf2392af63a59', '8e50c5b6f07b4149bc61ae7b5977b471']",2022-08-14 05:48,2022-08-14 08:48,"2022-08-14 08:00 ~ 2022-08-14 08:11,2022-08-14 08:30 ~ 2022-08-14 08:48,",93.91666666666666,3.2385057471264362,46.95833333333333,19.5,29.0,5_9
,,,,,,,,,,
,,,,,,,,,,
,,,,,,,,,,
15_nurse,"['af38633c2e924e08a66697a3c6d274a8', '9c04a6582014475eb92506d3f5ba613f', 'b6ab56a167174db6a1407393d8520e98']",2022-08-13 02:35,2022-08-13 12:42,"2022-08-13 12:30 ~ 2022-08-13 12:36,",18.5,3.0833333333333335,6.166666666666667,16.8,6.0,nurse
,,,,,,,,,,
,,,,,,,,,,
15_9_5,"['50c6834baa744d4ab67a712033003e54', 'cd6015419da6408ea4e7a20e77d1ec01', '0560e6069f59401db50ea9bcdb378cfc']",2022-08-09 22:22,2022-08-10 08:22,"2022-08-10 07:30 ~ 2022-08-10 07:32,2022-08-10 08:00 ~ 2022-08-10 08:22,",91.86666666666667,3.827777777777778,30.622222222222224,22.8,24.0,9_5
,,,,,,,,,,
,,,,,,,,,,
,,,,,,,,,,
3_nurse,"['53d7884a8e40408d9940dbc56ad32d1f', '1937c8ea3f8b4ae08d83a79447d5661c', '6eb79a9877b04fb5a2cb107bf8b208a3']",2022-08-08 09:24,2022-08-08 11:24,"2022-08-08 10:30 ~ 2022-08-08 10:37,2022-08-08 11:00 ~ 2022-08-08 11:24,",106.78333333333333,3.4446236559139782,35.59444444444444,25.2,31.0,nurse
3_nurse,"['74c675dbaaa144bb9dd6dd38240e1011', '086696a3dfb2445e95a23b3f736f0292', '7cc9e906ddc945cb9ce4c11743583d05']",2022-08-09 14:01,2022-08-10 00:24,"2022-08-09 14:00 ~ 2022-08-09 15:00,",187.0,3.1166666666666667,62.333333333333336,34.8,60.0,nurse
3_nurse,"['4338f14fb09640118cc36a371c1e34e7', 'd3c4809f041f4faeacc058ab76564f10', 'e6a6917960b1413489273fbcd837af22']",2022-08-11 09:41,2022-08-11 13:41,"2022-08-11 12:30 ~ 2022-08-11 12:33,2022-08-11 13:00 ~ 2022-08-11 13:41,",142.33333333333334,3.234848484848485,47.44444444444445,29.4,44.0,nurse
3_nurse,"['2d89c5e2fe9042be8f52ee6b14571654', '1001f7cea5044e22b8238f3a580874f5', '29a2629b76c24ee087f7a1236555e2a5']",2022-08-12 23:11,2022-08-13 08:03,"2022-08-12 23:00 ~ 2022-08-12 23:35,2022-08-13 07:30 ~ 2022-08-13 08:03,",275.05,4.044852941176471,91.68333333333334,37.5,68.0,nurse
,,,,,,,,,,
13_5_9,"['9b11004b9e35414aa66e9ef465e0dec2', '3f7039261fa34a7f9ac57c84e6c541f5', '6664a4d43a7745c9afb1f77ea992aa10']",2022-08-08 05:54,2022-08-08 08:54,"2022-08-08 08:30 ~ 2022-08-08 08:43,",49.18333333333333,3.783333333333333,16.394444444444442,19.2,13.0,5_9
13_5_9,"['554262a0e38947588c5007595821efa0', 'cf5fd90f71054150aeb32b7eb5f82a54', '494dad3c678f4c768369341a9f05e01b']",2022-08-09 10:10,2022-08-09 20:26,"2022-08-09 12:30 ~ 2022-08-09 13:04,",103.13333333333333,3.033333333333333,34.37777777777777,26.1,34.0,5_9
13_5_9,"['d466d531c7d64eee97f46f969465ee15', '5593d5ab27154a869c0b0d1560de5aee', 'db60899ac8fa4548851e00e575c85187']",2022-08-11 05:32,2022-08-11 08:32,"2022-08-11 07:30 ~ 2022-08-11 07:43,2022-08-11 08:00 ~ 2022-08-11 08:32,",190.25,4.227777777777778,63.416666666666664,29.7,45.0,5_9
13_5_9,"['88542c1c0c50451bb540769741b4dee5', '82f88ad2b1df492ca4868b7bc883ece2', 'c2c9e994bbc740c5ac4a2cce977a7d3e']",2022-08-12 10:25,2022-08-12 20:32,"2022-08-12 13:30 ~ 2022-08-12 13:50,",68.0,3.4,22.666666666666668,21.6,20.0,5_9
,,,,,,,,,,
,,,,,,,,,,
4_5_9,"['991b651d33bd4d7d8bc53d7f7c216c92', '617c23f827664f93850a1d3f7ec708a1', '2a409f7a3037456d8bc4d5267f7de79d']",2022-08-09 08:51,2022-08-09 20:53,"2022-08-09 12:30 ~ 2022-08-09 12:53,",69.76666666666667,3.033333333333333,23.255555555555556,22.5,23.0,5_9
,,,,,,,,,,
4_5_9,"['9e4ef642be9d43f8984477f4de7c6fd7', '86fee863b31d4f81b8184db839451446', '36a4344489aa4e0893f4e0e3568e260d']",2022-08-12 12:48,2022-08-12 20:00,"2022-08-12 13:30 ~ 2022-08-12 14:00,2022-08-12 16:30 ~ 2022-08-12 16:54,",183.6,3.4,61.199999999999996,32.7,54.0,5_9
4_5_9,"['88e5980af2644661b1b55f3561e49505', 'a082c94615f640b983dfbe28dc4a7c47']",2022-08-14 05:34,2022-08-14 07:34,"2022-08-14 07:00 ~ 2022-08-14 07:10,",35.5,3.55,17.75,13.2,10.0,5_9
,,,,,,,,,,
6_nurse,"['9fed8bfd0ff3485487675ca3fe16af17', '642a67762940459caa556b38ec9736bb', '194cb44ad49b423e9b4b511ac62b2070']",2022-08-09 14:10,2022-08-10 00:56,"2022-08-09 14:00 ~ 2022-08-09 14:32,",98.8,3.0875,32.93333333333333,25.5,32.0,nurse
6_nurse,"['d758d5607ca1487588b1c04bfb7c5002', '09cb7604c31d4f51a9a62d4307a07302', 'abe4dde3d03e4097ab9e8ec3e469c589']",2022-08-11 09:00,2022-08-11 13:00,"2022-08-11 13:00 ~ 2022-08-11 13:28,",91.46666666666667,3.2666666666666666,30.48888888888889,24.0,28.0,nurse
6_nurse,"['b444e55257734aa2bf219188b1313424', 'aba6fe679325404fb4b02179b4bfd9a1', 'dd7a0bf97b0543dba3850512d150e759']",2022-08-12 20:44,2022-08-13 08:02,"2022-08-12 21:00 ~ 2022-08-12 21:18,2022-08-13 07:30 ~ 2022-08-13 08:02,",200.0,4.0,66.66666666666667,31.5,50.0,nurse
6_nurse,"['4c5e20b3936f4371b1f12f714e5fd6b4', '1a262833e6514c4b8f16cb8520b61abe']",2022-08-14 17:34,2022-08-14 19:34,"2022-08-14 17:30 ~ 2022-08-14 17:55,",96.25,3.85,48.125,18.0,25.0,nurse
,,,,,,,,,,
13_9_5,"['ae577b1b3fba42aa90350d9774fdfca9', 'aa60bb7178b94335884d42310c309325', '9840eb72b0af40c58f62b2b031f9ca01']",2022-08-09 23:01,2022-08-10 08:04,"2022-08-09 23:30 ~ 2022-08-09 23:37,2022-08-10 07:30 ~ 2022-08-10 08:04,",161.88333333333335,3.9483739837398377,53.961111111111116,28.5,41.0,9_5
,,,,,,,,,,
13_9_5,"['ec5b135e27f244358505efa7ed200095', 'cfe54c66a005482984c59f6e895b28eb', '1789d9cca69e4a8cbe81dbcee04c9dba']",2022-08-12 22:45,2022-08-13 08:35,"2022-08-13 08:00 ~ 2022-08-13 08:03,2022-08-13 08:30 ~ 2022-08-13 08:35,",30.133333333333336,3.766666666666667,10.044444444444446,17.4,8.0,9_5
13_9_5,"['c66f3e6f914144c0823d304b48289547', 'd22500544bb144a681083377141705bc']",2022-08-14 17:10,2022-08-14 21:10,"2022-08-14 17:00 ~ 2022-08-14 17:41,",155.85,3.801219512195122,77.925,23.4,41.0,9_5
,,,,,,,,,,
11_nurse,"['1b3b5e078eac436ca7ac249252808854', '328e6047235549ed9ced058ffc8c79fb', '7ec4c34907cf4319ab61f9f5d3fd9312']",2022-08-09 23:08,2022-08-10 08:07,"2022-08-09 23:30 ~ 2022-08-09 23:39,2022-08-10 07:30 ~ 2022-08-10 08:07,",181.36666666666667,3.942753623188406,60.455555555555556,30.0,46.0,nurse
,,,,,,,,,,
11_nurse,"['f5ba783cb392420f8988908e34d9d389', '715c5382f70b4dc787fbd2727ba0ce9f', '4d0f148976324214b870ca14d8310093']",2022-08-13 05:06,2022-08-13 12:11,"2022-08-13 11:30 ~ 2022-08-13 11:55,2022-08-13 12:00 ~ 2022-08-13 12:11,",112.01666666666668,3.1115740740740745,37.338888888888896,26.7,36.0,nurse
,,,,,,,,,,
9_nurse,"['e96ce2bc72d149b280726ee5d88b389f', 'd9a10c3d43bd48e78bd5a5eab3ad9798', '2abb2499bc7b4111b65fea1895957448']",2022-08-08 09:57,2022-08-08 11:57,"2022-08-08 11:30 ~ 2022-08-08 11:41,",36.483333333333334,3.316666666666667,12.161111111111111,18.6,11.0,nurse
9_nurse,"['553e529b0019480ba9d11a877dfa938e', '6e1d357aacf341939eafc338490f5c6f', '0795e20fcef44b278a8ae1587ed04792']",2022-08-09 15:24,2022-08-10 00:33,"2022-08-09 15:00 ~ 2022-08-09 15:05,",16.5,3.3,5.5,16.5,5.0,nurse
,,,,,,,,,,
9_nurse,"['386010c76931473785f62db270cd5dc7', '640ae9e3d8ad43a88976197e550f358d', '88ccde25169e44ea82b3bb8790bd53dc']",2022-08-12 21:07,2022-08-13 08:04,"2022-08-12 21:00 ~ 2022-08-12 21:03,2022-08-13 07:30 ~ 2022-08-13 08:04,",147.45000000000002,3.9851351351351356,49.150000000000006,27.0,37.0,nurse
,,,,,,,,,,
19_9_5,"['fa91d20a834b4360a252613fc41b8e5e', '50e26574238449bbbb0be355069a7b68', 'bff8ce66c49344d39b70da0fad7fcae1']",2022-08-08 17:03,2022-08-08 21:03,"2022-08-08 17:00 ~ 2022-08-08 17:20,",74.33333333333334,3.7166666666666672,24.777777777777782,21.6,20.0,9_5
19_9_5,"['7ecae9c75ae24c7788f1221993a4bc12', 'f9c1925747aa486b94d35142397770de', '93404b099e96411a8a24cb0480ad87cc']",2022-08-09 22:18,2022-08-10 08:25,"2022-08-10 07:30 ~ 2022-08-10 07:48,2022-08-10 08:00 ~ 2022-08-10 08:25,",166.51666666666668,3.8724806201550392,55.50555555555556,29.1,43.0,9_5
19_9_5,"['c785ce7721fe4f63a37123d20eb5fed5', 'ecf83ffdc14644e79f64f62a5748edd2', 'a92a908b16284d3c9066ea3e6d87a47c']",2022-08-11 17:48,2022-08-11 19:48,"2022-08-11 17:30 ~ 2022-08-11 17:37,",25.433333333333334,3.6333333333333333,8.477777777777778,17.1,7.0,9_5
19_9_5,"['9e0bed60c54647e98c219538db8375f2', 'b4f6842d3ad24fdba8b4469205b539c9', 'e0faa4ac77c5458b94a1d45c95257d7a']",2022-08-12 22:38,2022-08-13 08:39,"2022-08-13 07:30 ~ 2022-08-13 07:36,2022-08-13 08:00 ~ 2022-08-13 08:39,",172.95,3.8433333333333333,57.65,29.7,45.0,9_5
19_9_5,"['ca482777eaa643c480c2ee5c80d20f86', 'd5c6e9b4218a4fe680a2b417926153ec']",2022-08-14 18:01,2022-08-14 20:01,"2022-08-14 18:00 ~ 2022-08-14 18:16,",62.93333333333333,3.933333333333333,31.466666666666665,15.3,16.0,9_5
16_9_5,"['62475ff74b274fa7acd32740eaa64566', '05c2af4d9f7c4e069b32d944f3f1ca49', 'cde3ab17b4f346a4aac8e9d5344d035d']",2022-08-08 17:23,2022-08-08 19:23,"2022-08-08 17:00 ~ 2022-08-08 17:10,",37.16666666666667,3.7166666666666672,12.388888888888891,18.0,10.0,9_5
16_9_5,"['e7890b2eef054c82bc24978909c663ab', '1fff810de1c745c59fdb39c65755bcd0', 'afbda6ae6bd04ed183a6de62085fbd81']",2022-08-09 22:46,2022-08-10 08:25,"2022-08-09 23:30 ~ 2022-08-09 23:39,2022-08-10 07:30 ~ 2022-08-10 08:25,",250.0666666666667,3.907291666666667,83.35555555555557,36.3,64.0,9_5
16_9_5,"['2cb9738e4b7c4e21872d811858da2515', '8f25aa4ad4cf41d5a79da6da617090cc', 'afc8532809fe474ea3fc3b36b25f2eda']",2022-08-11 17:51,2022-08-11 21:51,"2022-08-11 17:30 ~ 2022-08-11 17:57,",97.4,3.6074074074074076,32.46666666666667,23.7,27.0,9_5
16_9_5,"['d7a8ede657a84603bdfe30cbea6fe3fd', '6784b26a03a248c7b13ff41bc05b1d7b', '841aaf0048424b86b3c4e9e141252dd5']",2022-08-13 00:53,2022-08-13 08:45,"2022-08-13 08:30 ~ 2022-08-13 08:40,",37.16666666666667,3.7166666666666672,12.388888888888891,18.0,10.0,9_5
16_9_5,"['56cc83c84c16479da96453b218a2141d', '52656c7567334b0c9c4595d1017cca3b']",2022-08-14 17:44,2022-08-14 21:44,"2022-08-14 17:30 ~ 2022-08-14 18:11,",158.76666666666665,3.8723577235772355,79.38333333333333,23.4,41.0,9_5
