user_id,journey_id,plug_in_time,departure_time,time_slot,carbon_emission,avg_carbon_emission,total_demand,charging_duration,user_type
,,,,,,,,,
10_5_9,edc31b46e5354c4aa67406627d1a734c,2022-08-08 12:14,2022-08-08 20:34,2022-08-08 12:14 ~ 2022-08-08 12:21,23.1,3.3000000000000003,7.2,7.0,5_9
,,,,,,,,,
,,,,,,,,,
,,,,,,,,,
,,,,,,,,,
10_5_9,fafcb8c693ea418f9e967d5cbe1bf52d,2022-08-11 05:45,2022-08-11 07:45,2022-08-11 05:45 ~ 2022-08-11 05:49,18.2,4.55,6.0,4.0,5_9
10_5_9,bee343c40b1742909b388b42d385f984,2022-08-11 10:26,2022-08-11 20:06,2022-08-11 10:26 ~ 2022-08-11 11:04,136.1,3.581578947368421,17.4,38.0,5_9
10_5_9,bed18426922240acaa92a7a014fdbe9e,2022-08-12 05:22,2022-08-12 09:22,2022-08-12 05:22 ~ 2022-08-12 05:24,8.966666666666667,4.483333333333333,5.4,2.0,5_9
,,,,,,,,,
,,,,,,,,,
,,,,,,,,,
10_5_9,d10fc3e5176642169f585902ff024382,2022-08-14 05:05,2022-08-14 07:05,2022-08-14 05:05 ~ 2022-08-14 05:09,15.133333333333333,3.783333333333333,6.3,4.0,5_9
10_5_9,29b4e2447c5f4291bf561bf1576968cb,2022-08-14 08:42,2022-08-14 20:08,2022-08-14 08:42 ~ 2022-08-14 09:22,121.96666666666667,3.049166666666667,18.0,40.0,5_9
,,,,,,,,,
10_9_5,8b71841881f64d338901bd04c1c7d20f,2022-08-09 00:53,2022-08-09 08:29,2022-08-09 00:53 ~ 2022-08-09 01:12,82.88333333333334,4.362280701754386,11.1,19.0,9_5
10_9_5,31cb460f31a54c5fa3ee32b1216b105b,2022-08-09 17:08,2022-08-09 20:08,2022-08-09 17:08 ~ 2022-08-09 17:16,28.533333333333335,3.566666666666667,7.5,8.0,9_5
10_9_5,92f1de068c924704a94c8714e9972ded,2022-08-09 21:44,2022-08-10 08:15,2022-08-09 21:44 ~ 2022-08-09 22:10,106.23333333333332,4.085897435897436,13.5,26.0,9_5
,,,,,,,,,
10_9_5,d49d90d7c2cb42d386d053301065beba,2022-08-10 23:05,2022-08-11 08:33,2022-08-10 23:05 ~ 2022-08-10 23:18,57.416666666666664,4.416666666666666,9.3,13.0,9_5
10_9_5,7d69dccc39574a7aae5e39e15b6e1349,2022-08-11 17:05,2022-08-11 19:05,2022-08-11 17:05 ~ 2022-08-11 17:20,53.5,3.566666666666667,9.9,15.0,9_5
,,,,,,,,,
,,,,,,,,,
10_9_5,4ff53e12915c493ba48a068470df1bb2,2022-08-13 00:46,2022-08-13 08:23,2022-08-13 00:46 ~ 2022-08-13 01:08,94.36666666666667,4.28939393939394,12.0,22.0,9_5
,,,,,,,,,
,,,,,,,,,
10_9_5,bfaff437b8af4805aa3df1ce03ec4e7b,2022-08-14 17:37,2022-08-14 21:37,2022-08-14 17:37 ~ 2022-08-14 17:45,30.8,3.85,7.5,8.0,9_5
10_9_5,bf96f2fc60af41c8b4801b176a8d8f41,2022-08-15 00:08,2022-08-15 08:15,2022-08-15 00:08 ~ 2022-08-15 00:27,85.18333333333334,4.483333333333333,11.1,19.0,9_5
,,,,,,,,,
,,,,,,,,,
,,,,,,,,,
10_nurse,75e16ac641e84f11b8bf318e52e9481a,2022-08-09 15:33,2022-08-10 00:03,2022-08-09 15:33 ~ 2022-08-09 16:05,108.68333333333332,3.3963541666666663,15.6,32.0,nurse
10_nurse,bbda8b8e50274cb7a83a39f15a3c346f,2022-08-10 09:16,2022-08-10 13:16,2022-08-10 09:16 ~ 2022-08-10 09:29,46.8,3.5999999999999996,9.3,13.0,nurse
10_nurse,e3d9b572af9b4cbe95c20a28f751e32d,2022-08-10 14:50,2022-08-11 00:12,2022-08-10 14:50 ~ 2022-08-10 15:18,91.43333333333334,3.2654761904761904,14.1,28.0,nurse
,,,,,,,,,
,,,,,,,,,
,,,,,,,,,
10_nurse,22620294d7b34e8b896dfe909c93c37b,2022-08-12 23:23,2022-08-13 08:37,2022-08-12 23:23 ~ 2022-08-12 23:29,24.6,4.1000000000000005,6.9,6.0,nurse
,,,,,,,,,
,,,,,,,,,
10_nurse,1db0f775674944eeb1609c75a6b507a6,2022-08-14 17:54,2022-08-14 19:54,2022-08-14 17:54 ~ 2022-08-14 18:05,42.766666666666666,3.8878787878787877,8.4,11.0,nurse
,,,,,,,,,
11_5_9,915b4a841f7f4f51b5712d018e9576f1,2022-08-08 05:37,2022-08-08 08:37,2022-08-08 05:37 ~ 2022-08-08 05:44,29.4,4.2,7.2,7.0,5_9
11_5_9,83e4d57a7a224b58a6ab381464901745,2022-08-08 12:13,2022-08-08 20:06,2022-08-08 12:13 ~ 2022-08-08 12:49,118.16666666666667,3.2824074074074074,16.8,36.0,5_9
,,,,,,,,,
11_5_9,ab1b1700129546398f68e3f046cedd31,2022-08-09 09:28,2022-08-09 20:08,2022-08-09 09:28 ~ 2022-08-09 09:58,106.60000000000001,3.5533333333333337,14.7,30.0,5_9
,,,,,,,,,
,,,,,,,,,
,,,,,,,,,
,,,,,,,,,
,,,,,,,,,
,,,,,,,,,
11_5_9,066e8fb8ad09419b86049852ae3191d8,2022-08-13 05:28,2022-08-13 08:28,2022-08-13 05:28 ~ 2022-08-13 05:41,55.53333333333333,4.271794871794872,9.3,13.0,5_9
11_5_9,b24ad96970964c78bb08dc550a2ea167,2022-08-13 11:01,2022-08-13 20:13,2022-08-13 11:01 ~ 2022-08-13 11:32,97.58333333333333,3.147849462365591,15.0,31.0,5_9
,,,,,,,,,
11_5_9,b79a930a40f141fb97248c392da62624,2022-08-14 13:30,2022-08-14 20:10,2022-08-14 13:30 ~ 2022-08-14 14:05,94.25,2.692857142857143,16.5,35.0,5_9
,,,,,,,,,
11_9_5,d74eb7a341e2445a87ccf67841710160,2022-08-08 23:39,2022-08-09 08:39,2022-08-08 23:39 ~ 2022-08-08 23:43,17.466666666666665,4.366666666666666,6.0,4.0,9_5
,,,,,,,,,
11_9_5,30f143cfe85f48d4917d2b922a23dc3c,2022-08-09 22:39,2022-08-10 08:40,2022-08-09 22:39 ~ 2022-08-09 22:41,8.233333333333333,4.116666666666666,5.4,2.0,9_5
,,,,,,,,,
11_9_5,b4156e03bb144a0996312041694254ee,2022-08-11 00:25,2022-08-11 08:28,2022-08-11 00:25 ~ 2022-08-11 00:44,84.53333333333333,4.4491228070175435,11.1,19.0,9_5
11_9_5,de5d84ffb54743709a9d3dc689db6f87,2022-08-11 17:02,2022-08-11 19:02,2022-08-11 17:02 ~ 2022-08-11 17:19,60.63333333333333,3.5666666666666664,10.5,17.0,9_5
11_9_5,6ae7fb4b20ad41179b264674b6d238dc,2022-08-11 22:32,2022-08-12 08:42,2022-08-11 22:32 ~ 2022-08-11 22:36,17.533333333333335,4.383333333333334,6.3,4.0,9_5
,,,,,,,,,
11_9_5,8399829c3d0247c4b247af43b07e1a7a,2022-08-13 00:00,2022-08-13 08:44,2022-08-13 00:00 ~ 2022-08-13 00:01,4.133333333333334,4.133333333333334,5.1,1.0,9_5
,,,,,,,,,
11_9_5,d17dfad9f9a844d09142c14725b592ce,2022-08-13 23:58,2022-08-14 08:41,2022-08-13 23:58 ~ 2022-08-14 00:03,19.066666666666666,3.8133333333333335,6.6,5.0,9_5
11_9_5,b16d7e83bb07422ab488c92dedc7f32e,2022-08-14 17:28,2022-08-14 20:28,2022-08-14 17:28 ~ 2022-08-14 17:32,15.266666666666666,3.8166666666666664,6.0,4.0,9_5
11_9_5,5487866acbdd439089cf9035049ad920,2022-08-14 23:05,2022-08-15 08:25,2022-08-14 23:05 ~ 2022-08-14 23:20,65.25,4.35,9.9,15.0,9_5
,,,,,,,,,
,,,,,,,,,
,,,,,,,,,
11_nurse,1b3b5e078eac436ca7ac249252808854,2022-08-09 23:08,2022-08-10 08:07,2022-08-09 23:08 ~ 2022-08-09 23:38,121.6,4.053333333333333,14.7,30.0,nurse
,,,,,,,,,
11_nurse,7ec4c34907cf4319ab61f9f5d3fd9312,2022-08-10 22:54,2022-08-11 08:19,2022-08-10 22:54 ~ 2022-08-10 23:24,132.2,4.406666666666666,14.7,30.0,nurse
,,,,,,,,,
,,,,,,,,,
,,,,,,,,,
11_nurse,f5ba783cb392420f8988908e34d9d389,2022-08-13 05:06,2022-08-13 12:11,2022-08-13 05:06 ~ 2022-08-13 05:37,128.9,4.158064516129032,15.3,31.0,nurse
11_nurse,715c5382f70b4dc787fbd2727ba0ce9f,2022-08-13 21:35,2022-08-14 00:35,2022-08-13 21:35 ~ 2022-08-13 21:39,15.866666666666667,3.966666666666667,6.0,4.0,nurse
11_nurse,4d0f148976324214b870ca14d8310093,2022-08-14 04:12,2022-08-14 12:39,2022-08-14 04:12 ~ 2022-08-14 04:14,7.666666666666667,3.8333333333333335,5.4,2.0,nurse
,,,,,,,,,
,,,,,,,,,
12_5_9,7c56f06b827c46cc8529221589d8d787,2022-08-08 05:20,2022-08-08 08:20,2022-08-08 05:20 ~ 2022-08-08 05:36,66.86666666666666,4.179166666666666,10.2,16.0,5_9
12_5_9,1299bbc937e2410084f46c595106b705,2022-08-08 09:50,2022-08-08 20:09,2022-08-08 09:50 ~ 2022-08-08 10:21,110.2,3.5548387096774197,15.0,31.0,5_9
,,,,,,,,,
12_5_9,6a8a4e01a92d4a66bb0ac4d5b6863a48,2022-08-09 12:42,2022-08-09 20:45,2022-08-09 12:42 ~ 2022-08-09 12:44,6.066666666666666,3.033333333333333,5.4,2.0,5_9
12_5_9,cde1e13b6fa54114a7f78837d705c91e,2022-08-10 05:48,2022-08-10 09:48,2022-08-10 05:48 ~ 2022-08-10 05:52,16.533333333333335,4.133333333333334,6.3,4.0,5_9
12_5_9,ba281e92a2ff435d9d585862434e775e,2022-08-10 11:24,2022-08-10 20:36,2022-08-10 11:24 ~ 2022-08-10 11:36,37.7,3.141666666666667,8.7,12.0,5_9
12_5_9,e00a1507663e4ab6ab16a04cb72d898a,2022-08-11 05:36,2022-08-11 09:36,2022-08-11 05:36 ~ 2022-08-11 05:43,31.85,4.55,7.2,7.0,5_9
12_5_9,291460211e114b688b1a6e6448343eee,2022-08-11 11:08,2022-08-11 20:13,2022-08-11 11:08 ~ 2022-08-11 11:31,81.16666666666667,3.528985507246377,12.6,23.0,5_9
12_5_9,059d5ab995614817b0c54794169cd04d,2022-08-12 05:35,2022-08-12 09:35,2022-08-12 05:35 ~ 2022-08-12 05:41,26.8,4.466666666666667,6.9,6.0,5_9
12_5_9,0b8a4da0f9824fd5bcef28bb282b4876,2022-08-12 11:16,2022-08-12 20:05,2022-08-12 11:16 ~ 2022-08-12 11:51,122.85000000000001,3.5100000000000002,16.5,35.0,5_9
,,,,,,,,,
12_5_9,13155b66f8754766b2f4656d9f52fed0,2022-08-13 11:32,2022-08-13 20:31,2022-08-13 11:32 ~ 2022-08-13 11:45,40.516666666666666,3.1166666666666667,9.0,13.0,5_9
,,,,,,,,,
,,,,,,,,,
12_9_5,a2be7730229546f0acaaa603e05721e4,2022-08-08 17:11,2022-08-08 21:11,2022-08-08 17:11 ~ 2022-08-08 17:16,18.583333333333332,3.7166666666666663,6.6,5.0,9_5
12_9_5,1a5ab8f07462476b84233938ee47f03c,2022-08-08 23:50,2022-08-09 08:31,2022-08-08 23:50 ~ 2022-08-09 00:04,61.06666666666666,4.3619047619047615,9.6,14.0,9_5
,,,,,,,,,
12_9_5,6a9931146db34c2c9d6a63a4eccf5b35,2022-08-10 00:03,2022-08-10 08:21,2022-08-10 00:03 ~ 2022-08-10 00:19,65.86666666666666,4.116666666666666,10.2,16.0,9_5
12_9_5,7a75172434454d43829b4a1e3d066e81,2022-08-10 17:20,2022-08-10 20:20,2022-08-10 17:20 ~ 2022-08-10 17:29,33.0,3.6666666666666665,7.8,9.0,9_5
,,,,,,,,,
,,,,,,,,,
12_9_5,955bafbaf69d4763b780bc6fba560bca,2022-08-11 22:50,2022-08-12 08:28,2022-08-11 22:50 ~ 2022-08-11 23:07,74.86666666666667,4.403921568627451,10.5,17.0,9_5
12_9_5,c00a99e266bd4dbdb5b4bb694348c11f,2022-08-12 17:16,2022-08-12 19:16,2022-08-12 17:16 ~ 2022-08-12 17:19,10.6,3.533333333333333,5.7,3.0,9_5
,,,,,,,,,
,,,,,,,,,
12_9_5,2b9e319e905a458eb28367ea8ca3760b,2022-08-14 00:02,2022-08-14 08:05,2022-08-14 00:02 ~ 2022-08-14 00:38,138.26666666666665,3.84074074074074,16.8,36.0,9_5
,,,,,,,,,
12_9_5,8099923f2ec048e7a1da7ffa50bc46dd,2022-08-14 23:15,2022-08-15 08:16,2022-08-14 23:15 ~ 2022-08-14 23:40,110.75,4.43,13.2,25.0,9_5
,,,,,,,,,
,,,,,,,,,
,,,,,,,,,
12_nurse,795db98193c54bad8d0d7e3945cb2b28,2022-08-09 21:33,2022-08-10 08:11,2022-08-09 21:33 ~ 2022-08-09 22:07,138.61666666666667,4.076960784313726,16.2,34.0,nurse
,,,,,,,,,
,,,,,,,,,
12_nurse,cc6069d6fea24fb78ed9e0f67d4a98ad,2022-08-11 17:17,2022-08-11 20:17,2022-08-11 17:17 ~ 2022-08-11 17:26,32.1,3.566666666666667,7.8,9.0,nurse
,,,,,,,,,
,,,,,,,,,
12_nurse,dd8179948a624524b831c7b03d6c07dc,2022-08-13 04:28,2022-08-13 12:13,2022-08-13 04:28 ~ 2022-08-13 04:59,136.33333333333331,4.397849462365591,15.3,31.0,nurse
,,,,,,,,,
12_nurse,04c4bb360d04425a911fd8df71349f13,2022-08-14 01:14,2022-08-14 12:26,2022-08-14 01:14 ~ 2022-08-14 01:33,74.73333333333333,3.9333333333333336,11.1,19.0,nurse
12_nurse,cde19a4cb6ec478e8e73f3dd55cef1c1,2022-08-14 21:58,2022-08-15 01:58,2022-08-14 21:58 ~ 2022-08-14 22:06,36.03333333333333,4.504166666666666,7.5,8.0,nurse
12_nurse,8b633d7441cb4cd2b9961e8f0ca05d3b,2022-08-15 05:37,2022-08-15 12:14,2022-08-15 05:37 ~ 2022-08-15 06:06,126.18333333333334,4.351149425287357,14.4,29.0,nurse
13_5_9,9b11004b9e35414aa66e9ef465e0dec2,2022-08-08 05:54,2022-08-08 08:54,2022-08-08 05:54 ~ 2022-08-08 06:04,42.0,4.2,8.1,10.0,5_9
,,,,,,,,,
13_5_9,6664a4d43a7745c9afb1f77ea992aa10,2022-08-09 05:35,2022-08-09 07:35,2022-08-09 05:35 ~ 2022-08-09 05:43,33.733333333333334,4.216666666666667,7.5,8.0,5_9
13_5_9,554262a0e38947588c5007595821efa0,2022-08-09 10:10,2022-08-09 20:26,2022-08-09 10:10 ~ 2022-08-09 10:28,62.1,3.45,10.8,18.0,5_9
,,,,,,,,,
13_5_9,494dad3c678f4c768369341a9f05e01b,2022-08-10 10:05,2022-08-10 20:18,2022-08-10 10:05 ~ 2022-08-10 10:22,55.53333333333333,3.2666666666666666,10.5,17.0,5_9
13_5_9,d466d531c7d64eee97f46f969465ee15,2022-08-11 05:32,2022-08-11 08:32,2022-08-11 05:32 ~ 2022-08-11 05:44,54.6,4.55,8.7,12.0,5_9
13_5_9,5593d5ab27154a869c0b0d1560de5aee,2022-08-11 12:06,2022-08-11 20:07,2022-08-11 12:06 ~ 2022-08-11 12:42,121.4,3.3722222222222222,16.8,36.0,5_9
,,,,,,,,,
13_5_9,88542c1c0c50451bb540769741b4dee5,2022-08-12 10:25,2022-08-12 20:32,2022-08-12 10:25 ~ 2022-08-12 10:33,28.78333333333333,3.5979166666666664,7.5,8.0,5_9
,,,,,,,,,
13_5_9,c2c9e994bbc740c5ac4a2cce977a7d3e,2022-08-13 12:25,2022-08-13 20:34,2022-08-13 12:25 ~ 2022-08-13 12:38,40.16666666666667,3.0897435897435903,9.3,13.0,5_9
,,,,,,,,,
,,,,,,,,,
,,,,,,,,,
13_9_5,003b5833d36249fcb1bbb515fc341df3,2022-08-08 23:25,2022-08-09 08:37,2022-08-08 23:25 ~ 2022-08-08 23:28,13.1,4.366666666666666,5.7,3.0,9_5
13_9_5,a38c58e3f6864a4e9810a07474da3ff4,2022-08-09 17:22,2022-08-09 21:22,2022-08-09 17:22 ~ 2022-08-09 17:28,21.4,3.5666666666666664,6.9,6.0,9_5
13_9_5,ae577b1b3fba42aa90350d9774fdfca9,2022-08-09 23:01,2022-08-10 08:04,2022-08-09 23:01 ~ 2022-08-09 23:32,125.96666666666667,4.063440860215054,15.0,31.0,9_5
,,,,,,,,,
13_9_5,9840eb72b0af40c58f62b2b031f9ca01,2022-08-10 23:21,2022-08-11 08:13,2022-08-10 23:21 ~ 2022-08-10 23:45,106.0,4.416666666666667,12.9,24.0,9_5
,,,,,,,,,
,,,,,,,,,
13_9_5,354553bc0c1b4542afc7f70d6bc47f7b,2022-08-12 17:04,2022-08-12 20:04,2022-08-12 17:04 ~ 2022-08-12 17:08,14.133333333333333,3.533333333333333,6.3,4.0,9_5
13_9_5,ec5b135e27f244358505efa7ed200095,2022-08-12 22:45,2022-08-13 08:35,2022-08-12 22:45 ~ 2022-08-12 22:52,28.583333333333332,4.083333333333333,7.2,7.0,9_5
13_9_5,cfe54c66a005482984c59f6e895b28eb,2022-08-13 17:57,2022-08-13 20:57,2022-08-13 17:57 ~ 2022-08-13 18:04,26.016666666666666,3.7166666666666663,7.2,7.0,9_5
,,,,,,,,,
13_9_5,c66f3e6f914144c0823d304b48289547,2022-08-14 17:10,2022-08-14 21:10,2022-08-14 17:10 ~ 2022-08-14 17:24,52.96666666666667,3.7833333333333337,9.6,14.0,9_5
13_9_5,d22500544bb144a681083377141705bc,2022-08-15 00:41,2022-08-15 08:06,2022-08-15 00:41 ~ 2022-08-15 01:08,122.98333333333333,4.5549382716049385,13.8,27.0,9_5
,,,,,,,,,
13_nurse,03a4fc522bda4f30864ebce78db91d6e,2022-08-08 23:18,2022-08-09 08:15,2022-08-08 23:18 ~ 2022-08-08 23:49,135.36666666666667,4.366666666666667,15.3,31.0,nurse
13_nurse,d01fb9fa91e149b19c885fb9ae372a1c,2022-08-09 17:19,2022-08-09 20:19,2022-08-09 17:19 ~ 2022-08-09 17:24,17.833333333333332,3.5666666666666664,6.6,5.0,nurse
13_nurse,fc3b573a30ea4209a819ca444d3ea9fc,2022-08-09 22:00,2022-08-10 08:36,2022-08-09 22:00 ~ 2022-08-09 22:05,20.583333333333332,4.116666666666666,6.6,5.0,nurse
13_nurse,8072df92e71b4f3c925429ea5716c079,2022-08-10 17:11,2022-08-10 21:11,2022-08-10 17:11 ~ 2022-08-10 17:18,25.666666666666668,3.666666666666667,7.2,7.0,nurse
,,,,,,,,,
,,,,,,,,,
,,,,,,,,,
13_nurse,78dbe7947d304020a5ae1a0c6e78175a,2022-08-12 21:50,2022-08-13 01:50,2022-08-12 21:50 ~ 2022-08-12 22:01,44.38333333333333,4.034848484848485,8.4,11.0,nurse
13_nurse,94f5af7196224a00b29d20fa516e02b5,2022-08-13 05:21,2022-08-13 12:22,2022-08-13 05:21 ~ 2022-08-13 05:44,97.25,4.228260869565218,12.6,23.0,nurse
,,,,,,,,,
,,,,,,,,,
,,,,,,,,,
,,,,,,,,,
14_5_9,35d613964100488c8578fe742c7f902a,2022-08-08 05:46,2022-08-08 09:46,2022-08-08 05:46 ~ 2022-08-08 05:59,54.6,4.2,9.0,13.0,5_9
14_5_9,b88ac51a18ee42a6a053efadf8345b8f,2022-08-08 12:19,2022-08-08 20:44,2022-08-08 12:19 ~ 2022-08-08 12:20,3.3,3.3,5.1,1.0,5_9
,,,,,,,,,
14_5_9,29dbbc8185f943dcbc7235256c844f58,2022-08-09 13:34,2022-08-09 20:16,2022-08-09 13:34 ~ 2022-08-09 14:03,89.85,3.098275862068965,14.4,29.0,5_9
,,,,,,,,,
,,,,,,,,,
14_5_9,78fdd72260144832931358d35c3bcad6,2022-08-11 05:09,2022-08-11 07:09,2022-08-11 05:09 ~ 2022-08-11 05:16,31.85,4.55,7.2,7.0,5_9
,,,,,,,,,
,,,,,,,,,
14_5_9,d7be33951d174c5b9029626a45d3a43b,2022-08-12 11:16,2022-08-12 20:46,2022-08-12 11:16 ~ 2022-08-12 11:17,3.55,3.55,5.1,1.0,5_9
14_5_9,103a953db6ce4396a05b64897d50854b,2022-08-13 05:21,2022-08-13 08:21,2022-08-13 05:21 ~ 2022-08-13 05:26,20.583333333333332,4.116666666666666,6.6,5.0,5_9
14_5_9,df256c59d0874b3891929b154694c2b2,2022-08-13 09:59,2022-08-13 20:01,2022-08-13 09:59 ~ 2022-08-13 10:46,159.63333333333333,3.39645390070922,20.4,47.0,5_9
14_5_9,559fa66649814c529d4a3209dc12be93,2022-08-14 05:24,2022-08-14 08:24,2022-08-14 05:24 ~ 2022-08-14 05:36,45.5,3.7916666666666665,8.7,12.0,5_9
14_5_9,78219f8ef0cb4b5990c3f173ccccfb9c,2022-08-14 09:55,2022-08-14 20:36,2022-08-14 09:55 ~ 2022-08-14 10:07,35.36666666666667,2.9472222222222224,8.7,12.0,5_9
14_9_5,373952401a024a60a37aaec2ce1709f6,2022-08-08 17:51,2022-08-08 21:51,2022-08-08 17:51 ~ 2022-08-08 17:56,19.416666666666668,3.8833333333333337,6.6,5.0,9_5
,,,,,,,,,
,,,,,,,,,
,,,,,,,,,
,,,,,,,,,
14_9_5,7845686ddc9e420598debeb99c8856ca,2022-08-10 22:28,2022-08-11 08:11,2022-08-10 22:28 ~ 2022-08-10 22:52,104.8,4.366666666666666,12.9,24.0,9_5
14_9_5,7d0d90611e324ad3b2cef567c24060a3,2022-08-11 17:32,2022-08-11 20:32,2022-08-11 17:32 ~ 2022-08-11 17:36,14.533333333333333,3.6333333333333333,6.0,4.0,9_5
14_9_5,1a77c155c3204a3480aca36cf2b1f05f,2022-08-11 23:10,2022-08-12 08:10,2022-08-11 23:10 ~ 2022-08-11 23:34,106.4,4.433333333333334,12.9,24.0,9_5
14_9_5,f33b0b22efe0438d8988be566ba5c668,2022-08-12 17:08,2022-08-12 20:08,2022-08-12 17:08 ~ 2022-08-12 17:20,42.4,3.533333333333333,8.7,12.0,9_5
14_9_5,3648dcd094d34658a3eabf56431a9d36,2022-08-12 21:40,2022-08-13 08:15,2022-08-12 21:40 ~ 2022-08-12 22:01,84.71666666666667,4.034126984126984,11.7,21.0,9_5
14_9_5,51ed86d030a1424f81cf3c0c7b16347a,2022-08-13 17:26,2022-08-13 21:26,2022-08-13 17:26 ~ 2022-08-13 17:32,21.966666666666665,3.661111111111111,6.9,6.0,9_5
14_9_5,26ff54640b214b4295f4a66b754508fd,2022-08-13 23:02,2022-08-14 08:32,2022-08-13 23:02 ~ 2022-08-13 23:12,39.0,3.9,8.1,10.0,9_5
14_9_5,23189f9481e54c498afe1bff8266de43,2022-08-14 17:57,2022-08-14 21:57,2022-08-14 17:57 ~ 2022-08-14 18:07,39.083333333333336,3.9083333333333337,8.1,10.0,9_5
14_9_5,e9b1bd4447b0441198b290e173dc5708,2022-08-15 01:31,2022-08-15 08:29,2022-08-15 01:31 ~ 2022-08-15 01:44,59.15,4.55,9.0,13.0,9_5
,,,,,,,,,
,,,,,,,,,
14_nurse,41c8339294f54bb0a5fb708dc660dc6c,2022-08-09 17:16,2022-08-09 21:16,2022-08-09 17:16 ~ 2022-08-09 17:23,24.966666666666665,3.5666666666666664,7.2,7.0,nurse
14_nurse,40cdf013fdce4e8fabbbe382ae62b32c,2022-08-09 22:51,2022-08-10 07:59,2022-08-09 22:51 ~ 2022-08-09 23:36,183.15,4.07,19.8,45.0,nurse
,,,,,,,,,
14_nurse,164956a9f1b84df9915cb2ff0a241ed4,2022-08-10 23:56,2022-08-11 08:07,2022-08-10 23:56 ~ 2022-08-11 00:38,185.39999999999998,4.414285714285714,18.9,42.0,nurse
14_nurse,01d06ff1085b447b82fb3a801164fddb,2022-08-11 17:36,2022-08-11 19:36,2022-08-11 17:36 ~ 2022-08-11 17:49,47.233333333333334,3.6333333333333333,9.0,13.0,nurse
,,,,,,,,,
,,,,,,,,,
14_nurse,5a816468abd24a83a9aab0928e47c42d,2022-08-13 04:38,2022-08-13 12:21,2022-08-13 04:38 ~ 2022-08-13 05:06,121.5,4.339285714285714,14.1,28.0,nurse
14_nurse,f8a8aed7932b46b8b3fc8ad7e0ae3efe,2022-08-13 21:44,2022-08-14 01:44,2022-08-13 21:44 ~ 2022-08-13 22:04,79.86666666666667,3.9933333333333336,11.4,20.0,nurse
14_nurse,e447fd4c99554316bcab242dac3582e2,2022-08-14 04:13,2022-08-14 12:16,2022-08-14 04:13 ~ 2022-08-14 04:35,84.41666666666667,3.8371212121212124,12.3,22.0,nurse
,,,,,,,,,
14_nurse,9c255a6cc1a24713bc415575a049092a,2022-08-15 03:25,2022-08-15 12:34,2022-08-15 03:25 ~ 2022-08-15 03:30,22.416666666666668,4.483333333333333,6.6,5.0,nurse
,,,,,,,,,
15_5_9,5e596e60c8e442a2811c77d7a82a8830,2022-08-08 09:04,2022-08-08 20:34,2022-08-08 09:04 ~ 2022-08-08 09:16,44.4,3.6999999999999997,8.7,12.0,5_9
,,,,,,,,,
,,,,,,,,,
15_5_9,9066208903624e63a16abd5269758617,2022-08-10 05:41,2022-08-10 09:41,2022-08-10 05:41 ~ 2022-08-10 05:59,74.4,4.133333333333334,10.8,18.0,5_9
15_5_9,652e2cb3709d4b1eb588e592a6b16f19,2022-08-10 11:10,2022-08-10 20:00,2022-08-10 11:10 ~ 2022-08-10 11:43,103.96666666666667,3.1505050505050507,15.9,33.0,5_9
,,,,,,,,,
15_5_9,807ef8fef86d492681d03c07d225f342,2022-08-11 11:29,2022-08-11 20:25,2022-08-11 11:29 ~ 2022-08-11 11:42,44.733333333333334,3.4410256410256412,9.0,13.0,5_9
,,,,,,,,,
15_5_9,05358f9de54d42d5941adfb61d51690c,2022-08-12 10:43,2022-08-12 20:21,2022-08-12 10:43 ~ 2022-08-12 11:02,67.73333333333333,3.5649122807017544,11.1,19.0,5_9
15_5_9,36ef551226264d9291b4aab3e9556d27,2022-08-13 05:32,2022-08-13 09:32,2022-08-13 05:32 ~ 2022-08-13 05:37,21.5,4.3,6.6,5.0,5_9
15_5_9,5618d07d679b47ef8a5de5796edcb08d,2022-08-13 12:09,2022-08-13 20:28,2022-08-13 12:09 ~ 2022-08-13 12:30,65.1,3.0999999999999996,11.7,21.0,5_9
,,,,,,,,,
15_5_9,37dbf62639834b95aa6fcdfcde6e0440,2022-08-14 12:33,2022-08-14 20:15,2022-08-14 12:33 ~ 2022-08-14 13:05,86.4,2.7,15.6,32.0,5_9
,,,,,,,,,
15_9_5,03e4921d91a24fccba97a08246450457,2022-08-08 22:14,2022-08-09 08:31,2022-08-08 22:14 ~ 2022-08-08 22:24,43.166666666666664,4.316666666666666,8.1,10.0,9_5
,,,,,,,,,
15_9_5,50c6834baa744d4ab67a712033003e54,2022-08-09 22:22,2022-08-10 08:22,2022-08-09 22:22 ~ 2022-08-09 22:35,53.516666666666666,4.116666666666666,9.3,13.0,9_5
,,,,,,,,,
15_9_5,0560e6069f59401db50ea9bcdb378cfc,2022-08-11 01:59,2022-08-11 08:14,2022-08-11 01:59 ~ 2022-08-11 02:23,109.56666666666666,4.565277777777777,12.9,24.0,9_5
,,,,,,,,,
15_9_5,1af54c3af3e7408297cbcec49745a49f,2022-08-11 21:03,2022-08-12 08:44,2022-08-11 21:03 ~ 2022-08-11 21:06,12.95,4.316666666666666,5.7,3.0,9_5
15_9_5,fa38210ab2a64268881e525d92cf9d39,2022-08-12 17:30,2022-08-12 19:30,2022-08-12 17:30 ~ 2022-08-12 17:31,3.5833333333333335,3.5833333333333335,5.1,1.0,9_5
,,,,,,,,,
,,,,,,,,,
15_9_5,9b966ffc46c44df5887e6a361cc84abf,2022-08-13 22:49,2022-08-14 08:31,2022-08-13 22:49 ~ 2022-08-13 22:58,37.5,4.166666666666667,7.8,9.0,9_5
,,,,,,,,,
,,,,,,,,,
,,,,,,,,,
15_nurse,cea2f60ca40443bc921ff16b5560965d,2022-08-08 21:56,2022-08-09 08:46,2022-08-08 21:56 ~ 2022-08-08 21:57,4.366666666666666,4.366666666666666,5.1,1.0,nurse
,,,,,,,,,
,,,,,,,,,
,,,,,,,,,
15_nurse,aebc7e4a1f42442d878955ff4a9e9b0b,2022-08-10 23:18,2022-08-11 08:12,2022-08-10 23:18 ~ 2022-08-10 23:39,92.75,4.416666666666667,11.7,21.0,nurse
15_nurse,5ff53bc3a4c5426698ee0f7cde7b8b07,2022-08-11 17:07,2022-08-11 20:07,2022-08-11 17:07 ~ 2022-08-11 17:17,35.666666666666664,3.5666666666666664,8.1,10.0,nurse
,,,,,,,,,
,,,,,,,,,
15_nurse,af38633c2e924e08a66697a3c6d274a8,2022-08-13 02:35,2022-08-13 12:42,2022-08-13 02:35 ~ 2022-08-13 02:39,17.333333333333332,4.333333333333333,6.3,4.0,nurse
,,,,,,,,,
15_nurse,b6ab56a167174db6a1407393d8520e98,2022-08-14 04:28,2022-08-14 12:44,2022-08-14 04:28 ~ 2022-08-14 04:31,11.516666666666667,3.838888888888889,5.7,3.0,nurse
,,,,,,,,,
,,,,,,,,,
,,,,,,,,,
16_5_9,311328647a3245af9fa70729e5ba16b6,2022-08-08 13:10,2022-08-08 20:07,2022-08-08 13:10 ~ 2022-08-08 13:52,139.73333333333335,3.326984126984127,18.9,42.0,5_9
,,,,,,,,,
16_5_9,cbb795f5c89247a8bc48e37b13cee2cb,2022-08-09 11:54,2022-08-09 20:14,2022-08-09 11:54 ~ 2022-08-09 12:21,85.15,3.153703703703704,13.8,27.0,5_9
,,,,,,,,,
,,,,,,,,,
16_5_9,b7a548546789407f9bd19b7f9505350f,2022-08-11 05:40,2022-08-11 09:40,2022-08-11 05:40 ~ 2022-08-11 05:41,4.55,4.55,5.1,1.0,5_9
16_5_9,69a4971fa7144a2f857e0baae8a5546a,2022-08-11 12:22,2022-08-11 20:10,2022-08-11 12:22 ~ 2022-08-11 12:44,73.96666666666667,3.3621212121212123,12.3,22.0,5_9
,,,,,,,,,
16_5_9,31bb596f2e92493e8ee95e7cd3f197ab,2022-08-12 11:12,2022-08-12 20:44,2022-08-12 11:12 ~ 2022-08-12 11:13,3.55,3.55,5.1,1.0,5_9
16_5_9,861fb7839cf34121b629508458aaff81,2022-08-13 05:59,2022-08-13 08:59,2022-08-13 05:59 ~ 2022-08-13 06:02,13.066666666666666,4.355555555555555,5.7,3.0,5_9
16_5_9,c4f1175c60c74ad1acfb4a8d6322358c,2022-08-13 10:41,2022-08-13 20:06,2022-08-13 10:41 ~ 2022-08-13 11:12,100.18333333333334,3.231720430107527,15.3,31.0,5_9
16_5_9,1e4bfd5a60ff41a39462516516c6f38a,2022-08-14 05:53,2022-08-14 08:53,2022-08-14 05:53 ~ 2022-08-14 05:57,15.2,3.8,6.0,4.0,5_9
16_5_9,da0258257af84132b5a84fcae060b979,2022-08-14 10:31,2022-08-14 20:20,2022-08-14 10:31 ~ 2022-08-14 10:56,72.5,2.9,13.2,25.0,5_9
,,,,,,,,,
16_9_5,05c2af4d9f7c4e069b32d944f3f1ca49,2022-08-08 23:16,2022-08-09 08:30,2022-08-08 23:16 ~ 2022-08-08 23:30,61.13333333333333,4.366666666666666,9.6,14.0,9_5
16_9_5,cde3ab17b4f346a4aac8e9d5344d035d,2022-08-09 17:06,2022-08-09 21:06,2022-08-09 17:06 ~ 2022-08-09 17:10,14.266666666666667,3.566666666666667,6.3,4.0,9_5
16_9_5,e7890b2eef054c82bc24978909c663ab,2022-08-09 22:46,2022-08-10 08:25,2022-08-09 22:46 ~ 2022-08-09 23:05,77.96666666666667,4.103508771929825,11.1,19.0,9_5
16_9_5,1fff810de1c745c59fdb39c65755bcd0,2022-08-10 17:01,2022-08-10 19:01,2022-08-10 17:01 ~ 2022-08-10 17:08,25.666666666666668,3.666666666666667,7.2,7.0,9_5
16_9_5,afbda6ae6bd04ed183a6de62085fbd81,2022-08-10 20:34,2022-08-11 08:02,2022-08-10 20:34 ~ 2022-08-10 21:14,173.13333333333333,4.328333333333333,18.0,40.0,9_5
16_9_5,2cb9738e4b7c4e21872d811858da2515,2022-08-11 17:51,2022-08-11 21:51,2022-08-11 17:51 ~ 2022-08-11 17:55,14.533333333333333,3.6333333333333333,6.3,4.0,9_5
16_9_5,8f25aa4ad4cf41d5a79da6da617090cc,2022-08-12 00:33,2022-08-12 08:12,2022-08-12 00:33 ~ 2022-08-12 01:10,167.28333333333333,4.521171171171171,17.1,37.0,9_5
,,,,,,,,,
,,,,,,,,,
,,,,,,,,,
16_9_5,841aaf0048424b86b3c4e9e141252dd5,2022-08-13 21:23,2022-08-14 08:27,2022-08-13 21:23 ~ 2022-08-13 21:39,61.95,3.871875,10.2,16.0,9_5
,,,,,,,,,
16_9_5,52656c7567334b0c9c4595d1017cca3b,2022-08-15 00:38,2022-08-15 08:00,2022-08-15 00:38 ~ 2022-08-15 01:28,227.96666666666664,4.559333333333333,21.6,50.0,9_5
16_nurse,ad9a573d1af24dabb019e7ac38a70a7e,2022-08-08 17:29,2022-08-08 20:29,2022-08-08 17:29 ~ 2022-08-08 17:41,46.43333333333334,3.869444444444445,8.7,12.0,nurse
,,,,,,,,,
,,,,,,,,,
16_nurse,63b8035f78ee403587ecac57e8916206,2022-08-10 01:31,2022-08-10 08:23,2022-08-10 01:31 ~ 2022-08-10 01:52,85.4,4.066666666666667,11.7,21.0,nurse
,,,,,,,,,
16_nurse,4fea3e9163124a35b277911a65db07dd,2022-08-10 21:43,2022-08-11 08:00,2022-08-10 21:43 ~ 2022-08-10 22:14,135.65,4.375806451612903,15.3,31.0,nurse
,,,,,,,,,
16_nurse,de3394959d6247bfbd37164e15dc32d1,2022-08-11 23:10,2022-08-12 08:14,2022-08-11 23:10 ~ 2022-08-11 23:40,133.0,4.433333333333334,14.7,30.0,nurse
16_nurse,f9db97faa33244c0a55ec773543136e4,2022-08-12 21:02,2022-08-13 01:02,2022-08-12 21:02 ~ 2022-08-12 21:10,32.13333333333333,4.016666666666667,7.5,8.0,nurse
16_nurse,04fff2622ab94753a7f88cc649fde1e5,2022-08-13 03:40,2022-08-13 12:39,2022-08-13 03:40 ~ 2022-08-13 03:47,30.8,4.4,7.2,7.0,nurse
16_nurse,ab5a8dd39fd846fa8dc355b96cf335d1,2022-08-13 21:33,2022-08-14 01:33,2022-08-13 21:33 ~ 2022-08-13 21:39,23.8,3.966666666666667,6.9,6.0,nurse
,,,,,,,,,
,,,,,,,,,
16_nurse,67bc2a925c9e4a28bf7e18ef7e9006f2,2022-08-15 03:44,2022-08-15 12:10,2022-08-15 03:44 ~ 2022-08-15 04:09,111.25,4.45,13.2,25.0,nurse
,,,,,,,,,
,,,,,,,,,
,,,,,,,,,
17_5_9,d9b1c67b7cb9481fa39d404e24b1e5ea,2022-08-09 11:43,2022-08-09 20:22,2022-08-09 11:43 ~ 2022-08-09 12:04,66.43333333333334,3.163492063492064,11.7,21.0,5_9
,,,,,,,,,
17_5_9,36c660d0bd694a4382639b36ad340015,2022-08-10 09:50,2022-08-10 20:06,2022-08-10 09:50 ~ 2022-08-10 10:20,100.33333333333333,3.344444444444444,14.7,30.0,5_9
,,,,,,,,,
17_5_9,82a375c265fc4477bafa08b819dda4b5,2022-08-11 11:49,2022-08-11 20:38,2022-08-11 11:49 ~ 2022-08-11 11:58,30.9,3.433333333333333,7.8,9.0,5_9
17_5_9,9896fb9faeaf4e2092e1e1bf7c96c1e1,2022-08-12 05:24,2022-08-12 09:24,2022-08-12 05:24 ~ 2022-08-12 05:33,40.3,4.477777777777778,7.8,9.0,5_9
17_5_9,88a487fd5c0b492083ccfb5afafb096e,2022-08-12 11:54,2022-08-12 20:25,2022-08-12 11:54 ~ 2022-08-12 12:16,76.36666666666667,3.4712121212121216,12.3,22.0,5_9
,,,,,,,,,
17_5_9,829b7d81aa1b4ce0abf0c01f86a21c68,2022-08-13 11:52,2022-08-13 20:04,2022-08-13 11:52 ~ 2022-08-13 12:23,96.23333333333333,3.1043010752688174,15.0,31.0,5_9
,,,,,,,,,
,,,,,,,,,
17_9_5,d514e758c4824f3e885966ff6f392901,2022-08-08 17:31,2022-08-08 20:31,2022-08-08 17:31 ~ 2022-08-08 17:48,66.01666666666667,3.8833333333333333,10.5,17.0,9_5
,,,,,,,,,
,,,,,,,,,
17_9_5,fb2d6fff5c354194afc06d36783f5502,2022-08-10 00:36,2022-08-10 08:22,2022-08-10 00:36 ~ 2022-08-10 00:57,86.45,4.116666666666667,11.7,21.0,9_5
17_9_5,959d9eb44b1541dfadc714a89b5f38c7,2022-08-10 17:47,2022-08-10 21:47,2022-08-10 17:47 ~ 2022-08-10 17:51,14.6,3.65,6.0,4.0,9_5
17_9_5,bf6383c46fa644bcb81c67e816b9a0d0,2022-08-11 00:23,2022-08-11 08:39,2022-08-11 00:23 ~ 2022-08-11 00:25,8.8,4.4,5.4,2.0,9_5
,,,,,,,,,
,,,,,,,,,
,,,,,,,,,
,,,,,,,,,
17_9_5,95be947dd3154368927f6ea3a03394b9,2022-08-13 17:00,2022-08-13 21:00,2022-08-13 17:00 ~ 2022-08-13 17:01,3.6666666666666665,3.6666666666666665,5.1,1.0,9_5
17_9_5,77cab33555ef4d489065c7c4cbb5487f,2022-08-14 00:42,2022-08-14 08:27,2022-08-14 00:42 ~ 2022-08-14 00:58,61.86666666666667,3.8666666666666667,10.2,16.0,9_5
,,,,,,,,,
17_9_5,19c9f225f2bd416c890b0000d95bee55,2022-08-14 23:10,2022-08-15 08:18,2022-08-14 23:10 ~ 2022-08-14 23:32,96.1,4.368181818181818,12.3,22.0,9_5
17_nurse,8f18a2cbc8b5456586217795d0262e5e,2022-08-08 17:41,2022-08-08 21:41,2022-08-08 17:41 ~ 2022-08-08 17:54,50.483333333333334,3.8833333333333333,9.3,13.0,nurse
17_nurse,6ae36d659b4a4b12b05c74c93e49e336,2022-08-09 01:10,2022-08-09 08:25,2022-08-09 01:10 ~ 2022-08-09 01:32,95.63333333333333,4.346969696969697,12.3,22.0,nurse
,,,,,,,,,
17_nurse,d0a87072769d44b196cf92cca87aeda4,2022-08-09 22:41,2022-08-10 08:12,2022-08-09 22:41 ~ 2022-08-09 23:06,102.61666666666667,4.104666666666667,13.2,25.0,nurse
,,,,,,,,,
,,,,,,,,,
17_nurse,4552b111a483437c9054c8ab8f07d6e4,2022-08-11 17:49,2022-08-11 20:49,2022-08-11 17:49 ~ 2022-08-11 17:54,18.166666666666668,3.6333333333333337,6.6,5.0,nurse
17_nurse,951ca06cdc594897bb704df44d04407e,2022-08-12 00:24,2022-08-12 08:29,2022-08-12 00:24 ~ 2022-08-12 00:35,49.38333333333333,4.489393939393939,8.4,11.0,nurse
,,,,,,,,,
17_nurse,0792071e24c744a5a5e1d9dd4b6b1650,2022-08-13 01:40,2022-08-13 12:28,2022-08-13 01:40 ~ 2022-08-13 01:49,39.0,4.333333333333333,7.8,9.0,nurse
17_nurse,d33501e3c5a84713b3036ed4dbd51012,2022-08-13 21:30,2022-08-14 00:30,2022-08-13 21:30 ~ 2022-08-13 21:46,63.46666666666667,3.966666666666667,10.2,16.0,nurse
17_nurse,0eb30f7e505942459a2ac3aa1bfca97d,2022-08-14 02:59,2022-08-14 12:12,2022-08-14 02:59 ~ 2022-08-14 03:21,85.78333333333335,3.899242424242425,12.0,22.0,nurse
17_nurse,21fec2e8bc964530b1caeb163577b698,2022-08-14 21:32,2022-08-15 01:32,2022-08-14 21:32 ~ 2022-08-14 21:44,53.6,4.466666666666667,8.7,12.0,nurse
17_nurse,25b3e602951348dfb0dbd60321cedda4,2022-08-15 05:01,2022-08-15 12:36,2022-08-15 05:01 ~ 2022-08-15 05:06,21.666666666666668,4.333333333333334,6.6,5.0,nurse
18_5_9,40c82e58f5484d208683df90123a516d,2022-08-08 05:44,2022-08-08 08:44,2022-08-08 05:44 ~ 2022-08-08 05:57,54.6,4.2,9.0,13.0,5_9
18_5_9,c2bc7a62db544dd4998aeb4cd8aa219c,2022-08-08 10:17,2022-08-08 19:59,2022-08-08 10:17 ~ 2022-08-08 10:55,133.01666666666665,3.5004385964912275,17.4,38.0,5_9
,,,,,,,,,
,,,,,,,,,
18_5_9,0cf91adae5824305b0b612b63abfa8ea,2022-08-10 05:12,2022-08-10 07:12,2022-08-10 05:12 ~ 2022-08-10 05:15,12.7,4.233333333333333,5.7,3.0,5_9
,,,,,,,,,
,,,,,,,,,
,,,,,,,,,
18_5_9,b8fdf795f4d84b58be23edd818019320,2022-08-12 05:31,2022-08-12 08:31,2022-08-12 05:31 ~ 2022-08-12 05:41,44.666666666666664,4.466666666666667,8.1,10.0,5_9
18_5_9,ace03388236d4f919c8961d3754e4a8d,2022-08-12 11:03,2022-08-12 20:05,2022-08-12 11:03 ~ 2022-08-12 11:44,144.61666666666667,3.5272357723577237,18.6,41.0,5_9
18_5_9,50b0f22d4d584e69bb36848b7df3e803,2022-08-13 05:19,2022-08-13 09:19,2022-08-13 05:19 ~ 2022-08-13 05:22,12.35,4.116666666666666,5.7,3.0,5_9
18_5_9,15810d375d394db6b58e7a682c651bfa,2022-08-13 11:59,2022-08-13 20:04,2022-08-13 11:59 ~ 2022-08-13 12:37,117.69999999999999,3.0973684210526313,17.4,38.0,5_9
,,,,,,,,,
,,,,,,,,,
,,,,,,,,,
18_9_5,e1369937ba70481a980a8b8316c1a55e,2022-08-08 23:23,2022-08-09 08:00,2022-08-08 23:23 ~ 2022-08-08 23:56,144.1,4.366666666666666,15.9,33.0,9_5
,,,,,,,,,
,,,,,,,,,
18_9_5,63e386183b3144dc804a1ec489a80485,2022-08-10 17:13,2022-08-10 20:13,2022-08-10 17:13 ~ 2022-08-10 17:18,18.333333333333332,3.6666666666666665,6.6,5.0,9_5
18_9_5,c253f7ef0a1d4f9db21a9de20db7bffd,2022-08-10 22:54,2022-08-11 08:21,2022-08-10 22:54 ~ 2022-08-10 23:18,105.7,4.404166666666667,12.9,24.0,9_5
,,,,,,,,,
18_9_5,de87c2dc1e814a7ab2a592d718adcbd7,2022-08-11 23:42,2022-08-12 08:22,2022-08-11 23:42 ~ 2022-08-11 23:58,70.93333333333334,4.433333333333334,10.2,16.0,9_5
18_9_5,00679ba6b656404ba39403f715737261,2022-08-12 17:59,2022-08-12 19:59,2022-08-12 17:59 ~ 2022-08-12 18:01,7.216666666666667,3.6083333333333334,5.4,2.0,9_5
,,,,,,,,,
18_9_5,995eeb5f11f2424f9ed00206aa58125d,2022-08-13 17:37,2022-08-13 20:37,2022-08-13 17:37 ~ 2022-08-13 17:40,10.95,3.65,5.7,3.0,9_5
18_9_5,c8383e08b6d047e988f384cd6f7ccf3b,2022-08-13 22:17,2022-08-14 07:59,2022-08-13 22:17 ~ 2022-08-13 23:01,182.20000000000002,4.1409090909090915,19.5,44.0,9_5
18_9_5,18ddd6a85bea4db39f54ef067da7ce72,2022-08-14 17:22,2022-08-14 19:22,2022-08-14 17:22 ~ 2022-08-14 17:28,22.7,3.783333333333333,6.9,6.0,9_5
,,,,,,,,,
18_nurse,c55c117417034da1b074dd7c82e0cd07,2022-08-08 17:19,2022-08-08 21:19,2022-08-08 17:19 ~ 2022-08-08 17:22,11.15,3.716666666666667,5.7,3.0,nurse
,,,,,,,,,
,,,,,,,,,
18_nurse,ce0ba362b36d4e85a10d85a4449050fb,2022-08-09 22:57,2022-08-10 08:15,2022-08-09 22:57 ~ 2022-08-09 23:26,118.08333333333333,4.07183908045977,14.4,29.0,nurse
18_nurse,a24c53834f6648f097822ec219147941,2022-08-10 17:21,2022-08-10 19:21,2022-08-10 17:21 ~ 2022-08-10 17:28,25.666666666666668,3.666666666666667,7.2,7.0,nurse
18_nurse,fa9ff08739ab43b88c8454663b20c48e,2022-08-10 20:59,2022-08-11 08:19,2022-08-10 20:59 ~ 2022-08-10 21:18,82.61666666666666,4.348245614035087,11.1,19.0,nurse
18_nurse,8302e721cc16461fb13c53fe2d020613,2022-08-11 17:03,2022-08-11 21:03,2022-08-11 17:03 ~ 2022-08-11 17:14,39.233333333333334,3.566666666666667,8.4,11.0,nurse
,,,,,,,,,
18_nurse,b6632c140a594c5582de98666f06f1ac,2022-08-12 21:00,2022-08-13 00:00,2022-08-12 21:00 ~ 2022-08-12 21:07,28.116666666666667,4.016666666666667,7.2,7.0,nurse
,,,,,,,,,
18_nurse,e977e351b8a54d91a88fbb8a04e219d0,2022-08-13 21:34,2022-08-13 23:34,2022-08-13 21:34 ~ 2022-08-13 21:51,67.43333333333334,3.966666666666667,10.5,17.0,nurse
18_nurse,d0da833015b24291becd3e243d6f6bf7,2022-08-14 02:04,2022-08-14 12:34,2022-08-14 02:04 ~ 2022-08-14 02:11,27.533333333333335,3.9333333333333336,7.2,7.0,nurse
18_nurse,cda0279ab8fa4a11a9c91b98dc7604bc,2022-08-14 21:35,2022-08-14 23:35,2022-08-14 21:35 ~ 2022-08-14 21:44,40.2,4.466666666666667,7.8,9.0,nurse
18_nurse,34d1a2c9010b4f77911b5f69ce2603c8,2022-08-15 01:08,2022-08-15 12:00,2022-08-15 01:08 ~ 2022-08-15 01:57,223.31666666666666,4.5574829931972785,21.3,49.0,nurse
19_5_9,a81bede6d8e840779ca6066109cba1d0,2022-08-08 05:05,2022-08-08 09:05,2022-08-08 05:05 ~ 2022-08-08 05:16,45.833333333333336,4.166666666666667,8.4,11.0,5_9
19_5_9,b57177e6b7b6467d92c85f3b4d1db6d2,2022-08-08 10:35,2022-08-08 20:32,2022-08-08 10:35 ~ 2022-08-08 10:48,45.28333333333333,3.4833333333333334,9.0,13.0,5_9
,,,,,,,,,
19_5_9,c0ed2222e8f448b6b399ed017503d24b,2022-08-09 11:28,2022-08-09 20:05,2022-08-09 11:28 ~ 2022-08-09 11:59,98.39999999999999,3.1741935483870964,15.0,31.0,5_9
19_5_9,7deeb8b370704f95863059e88f1f92c1,2022-08-10 06:00,2022-08-10 10:00,2022-08-10 06:00 ~ 2022-08-10 06:11,45.65,4.1499999999999995,8.4,11.0,5_9
19_5_9,47c59938715b4bb8b9b383e9b23879fb,2022-08-10 11:36,2022-08-10 20:34,2022-08-10 11:36 ~ 2022-08-10 11:43,21.7,3.1,7.2,7.0,5_9
,,,,,,,,,
,,,,,,,,,
,,,,,,,,,
19_5_9,ecc27c21da8f4c859ad26625461e157d,2022-08-12 13:03,2022-08-12 20:42,2022-08-12 13:03 ~ 2022-08-12 13:04,3.4166666666666665,3.4166666666666665,5.1,1.0,5_9
,,,,,,,,,
19_5_9,dc85cacb5e4d4a4ea856edaaba779783,2022-08-13 10:25,2022-08-13 20:24,2022-08-13 10:25 ~ 2022-08-13 10:49,79.63333333333333,3.318055555555555,12.9,24.0,5_9
19_5_9,28ea17af831e485ca65035f94bfd2e8d,2022-08-14 05:43,2022-08-14 07:43,2022-08-14 05:43 ~ 2022-08-14 05:56,49.4,3.8,9.3,13.0,5_9
19_5_9,da317bd0dce44e97bf447cac7a4a61f1,2022-08-14 10:16,2022-08-14 20:13,2022-08-14 10:16 ~ 2022-08-14 10:51,101.96666666666667,2.9133333333333336,16.5,35.0,5_9
19_9_5,fa91d20a834b4360a252613fc41b8e5e,2022-08-08 17:03,2022-08-08 21:03,2022-08-08 17:03 ~ 2022-08-08 17:14,40.88333333333333,3.716666666666667,8.4,11.0,9_5
19_9_5,50e26574238449bbbb0be355069a7b68,2022-08-08 23:36,2022-08-09 08:10,2022-08-08 23:36 ~ 2022-08-09 00:00,104.8,4.366666666666666,12.9,24.0,9_5
,,,,,,,,,
19_9_5,7ecae9c75ae24c7788f1221993a4bc12,2022-08-09 22:18,2022-08-10 08:25,2022-08-09 22:18 ~ 2022-08-09 22:33,61.75,4.116666666666666,9.9,15.0,9_5
,,,,,,,,,
19_9_5,93404b099e96411a8a24cb0480ad87cc,2022-08-10 23:21,2022-08-11 08:04,2022-08-10 23:21 ~ 2022-08-10 23:56,154.58333333333331,4.416666666666666,16.5,35.0,9_5
,,,,,,,,,
19_9_5,ecf83ffdc14644e79f64f62a5748edd2,2022-08-11 21:33,2022-08-12 08:41,2022-08-11 21:33 ~ 2022-08-11 21:36,13.05,4.3500000000000005,5.7,3.0,9_5
19_9_5,a92a908b16284d3c9066ea3e6d87a47c,2022-08-12 17:00,2022-08-12 21:00,2022-08-12 17:00 ~ 2022-08-12 17:08,28.266666666666666,3.533333333333333,7.5,8.0,9_5
19_9_5,9e0bed60c54647e98c219538db8375f2,2022-08-12 22:38,2022-08-13 08:39,2022-08-12 22:38 ~ 2022-08-12 22:40,8.166666666666666,4.083333333333333,5.4,2.0,9_5
19_9_5,b4f6842d3ad24fdba8b4469205b539c9,2022-08-13 17:26,2022-08-13 21:26,2022-08-13 17:26 ~ 2022-08-13 17:38,43.86666666666667,3.6555555555555554,8.7,12.0,9_5
19_9_5,e0faa4ac77c5458b94a1d45c95257d7a,2022-08-13 22:55,2022-08-14 08:01,2022-08-13 22:55 ~ 2022-08-13 23:27,126.13333333333333,3.9416666666666664,15.6,32.0,9_5
,,,,,,,,,
19_9_5,d5c6e9b4218a4fe680a2b417926153ec,2022-08-14 21:51,2022-08-15 08:20,2022-08-14 21:51 ~ 2022-08-14 22:13,98.91666666666667,4.496212121212121,12.0,22.0,9_5
,,,,,,,,,
19_nurse,9d5621b3764242d69b70acbb7c7da256,2022-08-08 23:28,2022-08-09 08:12,2022-08-08 23:28 ~ 2022-08-08 23:54,113.53333333333333,4.366666666666666,13.5,26.0,nurse
19_nurse,c2c27a30df354277a3d3a4721d5f36a5,2022-08-09 17:10,2022-08-09 19:10,2022-08-09 17:10 ~ 2022-08-09 17:23,46.36666666666667,3.566666666666667,9.0,13.0,nurse
19_nurse,745280351af0408fbb349a5a354c7ef0,2022-08-09 22:41,2022-08-10 08:35,2022-08-09 22:41 ~ 2022-08-09 22:52,45.28333333333333,4.116666666666666,8.4,11.0,nurse
,,,,,,,,,
,,,,,,,,,
,,,,,,,,,
19_nurse,6191e1415f3146b5b8ee01753f2ca31a,2022-08-12 00:11,2022-08-12 08:29,2022-08-12 00:11 ~ 2022-08-12 00:23,53.6,4.466666666666667,8.7,12.0,nurse
,,,,,,,,,
19_nurse,470f6a875f334a6f9ada4b938f986757,2022-08-13 03:40,2022-08-13 12:32,2022-08-13 03:40 ~ 2022-08-13 03:46,26.4,4.3999999999999995,6.9,6.0,nurse
19_nurse,31ea1f776d5b4913b0328c994c88ea9f,2022-08-13 21:44,2022-08-14 00:44,2022-08-13 21:44 ~ 2022-08-13 21:51,27.766666666666666,3.9666666666666663,7.2,7.0,nurse
19_nurse,3245be8957a44948942d10ef76c70f42,2022-08-14 04:24,2022-08-14 12:42,2022-08-14 04:24 ~ 2022-08-14 04:28,15.333333333333334,3.8333333333333335,6.0,4.0,nurse
19_nurse,a31473ee35784327b260424ce54f6b10,2022-08-14 21:53,2022-08-15 00:53,2022-08-14 21:53 ~ 2022-08-14 22:05,53.849999999999994,4.4875,8.7,12.0,nurse
,,,,,,,,,
1_5_9,e6eb36e653bd4e36bcf1deeb3cdccecc,2022-08-08 05:41,2022-08-08 07:41,2022-08-08 05:41 ~ 2022-08-08 05:49,33.6,4.2,7.5,8.0,5_9
1_5_9,f4b5b914495143c9b285f0e5bf712f0b,2022-08-08 10:19,2022-08-08 20:01,2022-08-08 10:19 ~ 2022-08-08 11:07,167.4,3.4875000000000003,20.7,48.0,5_9
,,,,,,,,,
1_5_9,ebd527e522474319a231e6dddca738eb,2022-08-09 11:13,2022-08-09 20:04,2022-08-09 11:13 ~ 2022-08-09 11:54,131.81666666666666,3.215040650406504,18.6,41.0,5_9
1_5_9,7c638f6def3b4cf591f8dc02a22bd0ea,2022-08-10 05:34,2022-08-10 07:34,2022-08-10 05:34 ~ 2022-08-10 05:46,49.6,4.133333333333334,8.7,12.0,5_9
1_5_9,11bcde3a8f5f4bf48468cf85aa57fbf8,2022-08-10 11:03,2022-08-10 20:07,2022-08-10 11:03 ~ 2022-08-10 11:43,126.25,3.15625,18.3,40.0,5_9
,,,,,,,,,
1_5_9,f0324a48a4804f88a2462cd4989e5846,2022-08-11 10:59,2022-08-11 20:14,2022-08-11 10:59 ~ 2022-08-11 11:20,74.25,3.5357142857142856,11.7,21.0,5_9
,,,,,,,,,
,,,,,,,,,
,,,,,,,,,
1_5_9,5c2f9d9fdeb64ad2a077ee38edc1b9ce,2022-08-13 10:50,2022-08-13 20:37,2022-08-13 10:50 ~ 2022-08-13 10:59,29.55,3.283333333333333,7.8,9.0,5_9
1_5_9,83cef835f94f44eaadea338bde56ef16,2022-08-14 05:44,2022-08-14 08:44,2022-08-14 05:44 ~ 2022-08-14 05:56,45.6,3.8000000000000003,8.7,12.0,5_9
,,,,,,,,,
,,,,,,,,,
,,,,,,,,,
1_9_5,545c5fc764ff44109c52f210cd493724,2022-08-09 17:24,2022-08-09 21:24,2022-08-09 17:24 ~ 2022-08-09 17:28,14.266666666666667,3.566666666666667,6.0,4.0,9_5
1_9_5,6f7d567d8ac243bf935e6439a80ecbf3,2022-08-09 23:06,2022-08-10 08:10,2022-08-09 23:06 ~ 2022-08-09 23:31,101.61666666666666,4.064666666666667,13.2,25.0,9_5
1_9_5,2e08d8606d73460ca53fc6b835d66dce,2022-08-10 17:54,2022-08-10 20:54,2022-08-10 17:54 ~ 2022-08-10 18:02,29.333333333333332,3.6666666666666665,7.5,8.0,9_5
1_9_5,ac692ea43a074fa298347b6e4c10a5ed,2022-08-10 23:30,2022-08-11 08:04,2022-08-10 23:30 ~ 2022-08-11 00:03,145.7,4.415151515151515,15.9,33.0,9_5
,,,,,,,,,
1_9_5,32bbb9d956034482b2de6f0255f859e2,2022-08-11 22:01,2022-08-12 08:28,2022-08-11 22:01 ~ 2022-08-11 22:19,77.7,4.316666666666666,10.8,18.0,9_5
,,,,,,,,,
1_9_5,4756c8d33394481aae08f1ccb0a52ec6,2022-08-12 23:35,2022-08-13 08:27,2022-08-12 23:35 ~ 2022-08-12 23:56,86.1,4.1,11.7,21.0,9_5
,,,,,,,,,
1_9_5,23d11dd74d884b4c9cbfe93cb5f50c4f,2022-08-14 00:22,2022-08-14 08:32,2022-08-14 00:22 ~ 2022-08-14 00:30,30.666666666666668,3.8333333333333335,7.5,8.0,9_5
,,,,,,,,,
,,,,,,,,,
1_nurse,6e8da38033ae49edaaf1a15f54c77d47,2022-08-08 09:54,2022-08-08 12:54,2022-08-08 09:54 ~ 2022-08-08 10:02,28.666666666666668,3.5833333333333335,7.5,8.0,nurse
1_nurse,b3cbc197bbd94ae8b4ea77cdb4de2350,2022-08-08 14:32,2022-08-09 00:02,2022-08-08 14:32 ~ 2022-08-08 15:19,162.48333333333335,3.457092198581561,20.4,47.0,nurse
1_nurse,041dafe2d11c42a08ac59301570061c1,2022-08-09 09:41,2022-08-09 12:41,2022-08-09 09:41 ~ 2022-08-09 09:53,42.6,3.5500000000000003,8.7,12.0,nurse
1_nurse,2fc55d8493e443cbb18b0031a078e619,2022-08-09 15:16,2022-08-10 00:07,2022-08-09 15:16 ~ 2022-08-09 15:41,83.41666666666667,3.336666666666667,13.2,25.0,nurse
,,,,,,,,,
1_nurse,66dbdcb948b847efaa976d050d566b5c,2022-08-10 17:10,2022-08-11 00:29,2022-08-10 17:10 ~ 2022-08-10 17:20,36.666666666666664,3.6666666666666665,8.1,10.0,nurse
1_nurse,ac2cedb63a3d443cb767f3eab3c832e4,2022-08-11 09:55,2022-08-11 11:55,2022-08-11 09:55 ~ 2022-08-11 09:56,3.7666666666666666,3.7666666666666666,5.1,1.0,nurse
1_nurse,50382112bed447d8b256abb0da05a41d,2022-08-11 15:38,2022-08-12 00:21,2022-08-11 15:38 ~ 2022-08-11 15:58,67.0,3.35,11.4,20.0,nurse
1_nurse,c5f5c9fa1db94b648180bcd9378bd11a,2022-08-12 17:07,2022-08-12 19:07,2022-08-12 17:07 ~ 2022-08-12 17:15,28.266666666666666,3.533333333333333,7.5,8.0,nurse
,,,,,,,,,
1_nurse,ca9072e169404016b4b1698ce64d7321,2022-08-13 17:19,2022-08-13 20:19,2022-08-13 17:19 ~ 2022-08-13 17:30,40.333333333333336,3.666666666666667,8.4,11.0,nurse
1_nurse,36a3a3e7a58b455d81d0835f7d654e25,2022-08-13 22:52,2022-08-14 08:03,2022-08-13 22:52 ~ 2022-08-13 23:40,188.16666666666669,3.9201388888888893,20.7,48.0,nurse
,,,,,,,,,
,,,,,,,,,
20_5_9,6ad75cca036d45bdbfb8476809f76517,2022-08-08 05:57,2022-08-08 07:57,2022-08-08 05:57 ~ 2022-08-08 06:04,29.4,4.2,7.2,7.0,5_9
20_5_9,f65ad4ab334a42ab8f7b794e5a630e49,2022-08-08 11:29,2022-08-08 20:14,2022-08-08 11:29 ~ 2022-08-08 12:04,116.13333333333334,3.318095238095238,16.5,35.0,5_9
20_5_9,5b8f3fe166304c2e8c0bf61675873c81,2022-08-09 05:13,2022-08-09 09:13,2022-08-09 05:13 ~ 2022-08-09 05:17,17.2,4.3,6.3,4.0,5_9
,,,,,,,,,
20_5_9,a4e7b588f48548f6a4319569cb77c2a9,2022-08-10 05:15,2022-08-10 08:15,2022-08-10 05:15 ~ 2022-08-10 05:21,25.4,4.233333333333333,6.9,6.0,5_9
20_5_9,bce079eed4af48cc8b5a3ad1e6b4cdb6,2022-08-10 09:53,2022-08-10 20:08,2022-08-10 09:53 ~ 2022-08-10 10:26,109.43333333333334,3.316161616161616,15.9,33.0,5_9
20_5_9,e0ac918d550d45b79c4e1de31c111907,2022-08-11 05:52,2022-08-11 09:52,2022-08-11 05:52 ~ 2022-08-11 05:56,18.2,4.55,6.0,4.0,5_9
20_5_9,4e283bfbff0d45d9aa106f9dd3fc62de,2022-08-11 12:35,2022-08-11 20:08,2022-08-11 12:35 ~ 2022-08-11 13:04,96.81666666666666,3.3385057471264368,14.4,29.0,5_9
20_5_9,7aede6fcf9654d0eb5e3585cdfd5ccae,2022-08-12 05:49,2022-08-12 08:49,2022-08-12 05:49 ~ 2022-08-12 06:04,66.73333333333333,4.448888888888889,9.9,15.0,5_9
,,,,,,,,,
,,,,,,,,,
20_5_9,0f6d5d87255644a3ba12c34974747ada,2022-08-13 10:16,2022-08-13 20:17,2022-08-13 10:16 ~ 2022-08-13 10:38,74.56666666666666,3.389393939393939,12.3,22.0,5_9
20_5_9,0e1d2e43771e4565906cf2392af63a59,2022-08-14 05:48,2022-08-14 08:48,2022-08-14 05:48 ~ 2022-08-14 05:54,22.8,3.8000000000000003,6.9,6.0,5_9
20_5_9,8e50c5b6f07b4149bc61ae7b5977b471,2022-08-14 12:28,2022-08-14 20:19,2022-08-14 12:28 ~ 2022-08-14 12:51,62.300000000000004,2.708695652173913,12.6,23.0,5_9
,,,,,,,,,
,,,,,,,,,
,,,,,,,,,
20_9_5,127af5de26564fe4b3dacbcd03ec3336,2022-08-10 01:34,2022-08-10 08:19,2022-08-10 01:34 ~ 2022-08-10 02:00,105.73333333333333,4.066666666666666,13.5,26.0,9_5
,,,,,,,,,
20_9_5,227085a2935944269f351b2f65acce6b,2022-08-11 01:30,2022-08-11 08:11,2022-08-11 01:30 ~ 2022-08-11 01:53,104.26666666666667,4.533333333333333,12.6,23.0,9_5
20_9_5,46303517b7934df19d441ed2efad3bf7,2022-08-11 17:52,2022-08-11 20:52,2022-08-11 17:52 ~ 2022-08-11 18:00,29.066666666666666,3.6333333333333333,7.5,8.0,9_5
20_9_5,f3b8dce77e1e4e1aa3a191b2556729e5,2022-08-12 00:31,2022-08-12 08:27,2022-08-12 00:31 ~ 2022-08-12 00:44,58.71666666666667,4.516666666666667,9.3,13.0,9_5
,,,,,,,,,
20_9_5,7cfad294e1ed4c61a7bf30e72a6f6325,2022-08-12 21:42,2022-08-13 08:21,2022-08-12 21:42 ~ 2022-08-12 22:02,80.69999999999999,4.034999999999999,11.4,20.0,9_5
20_9_5,c53b1e0082014c969fed46b6b291c721,2022-08-13 17:10,2022-08-13 21:10,2022-08-13 17:10 ~ 2022-08-13 17:16,22.0,3.6666666666666665,6.9,6.0,9_5
,,,,,,,,,
,,,,,,,,,
20_9_5,3b37de009b9b4418aa883b062975b4fa,2022-08-14 23:42,2022-08-15 08:21,2022-08-14 23:42 ~ 2022-08-15 00:06,108.80000000000001,4.533333333333334,12.9,24.0,9_5
,,,,,,,,,
20_nurse,4bf861dc0ad24267bc21ee9eee1ddff2,2022-08-09 00:57,2022-08-09 08:23,2022-08-09 00:57 ~ 2022-08-09 01:19,95.80000000000001,4.354545454545455,12.3,22.0,nurse
,,,,,,,,,
20_nurse,3b91e74992004c4fba2c7819bbd01e90,2022-08-10 01:36,2022-08-10 08:21,2022-08-10 01:36 ~ 2022-08-10 01:58,89.46666666666667,4.066666666666666,12.0,22.0,nurse
20_nurse,6728449a8bf248f4a5f67569373c9e76,2022-08-10 17:28,2022-08-10 20:28,2022-08-10 17:28 ~ 2022-08-10 17:30,7.333333333333333,3.6666666666666665,5.4,2.0,nurse
,,,,,,,,,
20_nurse,f3806cd89f2d4980b8dac78739c7f9c1,2022-08-11 17:04,2022-08-11 21:04,2022-08-11 17:04 ~ 2022-08-11 17:13,32.1,3.566666666666667,7.8,9.0,nurse
20_nurse,c09028717b5a497ca646b7f1a514fe81,2022-08-11 22:38,2022-08-12 08:08,2022-08-11 22:38 ~ 2022-08-11 23:14,158.5,4.402777777777778,16.8,36.0,nurse
,,,,,,,,,
20_nurse,3ebbe234537647f3a7f21b9deeb41ff6,2022-08-13 03:18,2022-08-13 12:39,2022-08-13 03:18 ~ 2022-08-13 03:22,17.466666666666665,4.366666666666666,6.3,4.0,nurse
20_nurse,9e9ef1058a0d45a4801e782bc4d68107,2022-08-13 21:24,2022-08-13 23:24,2022-08-13 21:24 ~ 2022-08-13 21:37,50.266666666666666,3.8666666666666667,9.0,13.0,nurse
,,,,,,,,,
20_nurse,521399694ffe4042abedb6170f78e236,2022-08-14 21:30,2022-08-15 01:30,2022-08-14 21:30 ~ 2022-08-14 21:34,17.866666666666667,4.466666666666667,6.3,4.0,nurse
,,,,,,,,,
,,,,,,,,,
,,,,,,,,,
2_5_9,db08e43234fb42f88d2edb6f2f4b066f,2022-08-09 05:52,2022-08-09 07:52,2022-08-09 05:52 ~ 2022-08-09 06:03,46.43333333333334,4.221212121212122,8.4,11.0,5_9
2_5_9,33f4a3f319574c74a6b2995ed7e18cac,2022-08-09 10:23,2022-08-09 20:38,2022-08-09 10:23 ~ 2022-08-09 10:27,13.8,3.45,6.0,4.0,5_9
2_5_9,cc1caea0aa714827b232a878d2a85773,2022-08-10 05:50,2022-08-10 08:50,2022-08-10 05:50 ~ 2022-08-10 05:56,24.8,4.133333333333334,6.9,6.0,5_9
,,,,,,,,,
,,,,,,,,,
2_5_9,9db0dc4ce5e2450dad15aa4113a1f265,2022-08-11 08:58,2022-08-11 20:27,2022-08-11 08:58 ~ 2022-08-11 09:16,68.8,3.822222222222222,10.8,18.0,5_9
2_5_9,2a8bf8361d20412cb5de7511e3332407,2022-08-12 05:20,2022-08-12 07:20,2022-08-12 05:20 ~ 2022-08-12 05:34,62.7,4.478571428571429,9.6,14.0,5_9
2_5_9,7270df9d156e46d1a4bee98beb7f299e,2022-08-12 09:52,2022-08-12 20:10,2022-08-12 09:52 ~ 2022-08-12 10:16,87.46666666666667,3.6444444444444444,12.9,24.0,5_9
2_5_9,f5cc407fbe144faaaac62b5bd2b86ec1,2022-08-13 05:24,2022-08-13 08:24,2022-08-13 05:24 ~ 2022-08-13 05:33,37.6,4.177777777777778,7.8,9.0,5_9
2_5_9,73d1eb9df8c74effb7f728087b60d439,2022-08-13 11:00,2022-08-13 20:31,2022-08-13 11:00 ~ 2022-08-13 11:11,34.65,3.15,8.4,11.0,5_9
,,,,,,,,,
2_5_9,933e6c87e33b4821b40932d241a221fb,2022-08-14 11:15,2022-08-14 20:00,2022-08-14 11:15 ~ 2022-08-14 11:47,90.81666666666666,2.838020833333333,15.6,32.0,5_9
2_9_5,c7ae5095d0394599b6e905ddd14e033e,2022-08-08 17:49,2022-08-08 20:49,2022-08-08 17:49 ~ 2022-08-08 17:50,3.8833333333333333,3.8833333333333333,5.1,1.0,9_5
,,,,,,,,,
2_9_5,99a57e0ac87647b6a70dd1fc895cc1b4,2022-08-09 17:30,2022-08-09 20:30,2022-08-09 17:30 ~ 2022-08-09 17:45,53.75,3.5833333333333335,9.9,15.0,9_5
2_9_5,b927896f16c24321870a55ab326514da,2022-08-09 22:00,2022-08-10 08:17,2022-08-09 22:00 ~ 2022-08-09 22:28,115.26666666666667,4.116666666666666,14.1,28.0,9_5
2_9_5,7c23d9bf052148388a1c74d81a0a3e7e,2022-08-10 17:53,2022-08-10 20:53,2022-08-10 17:53 ~ 2022-08-10 17:57,14.6,3.65,6.3,4.0,9_5
2_9_5,472c66e42e3c49db81d650a83d0e1e52,2022-08-11 00:33,2022-08-11 08:09,2022-08-11 00:33 ~ 2022-08-11 01:04,138.6,4.470967741935484,15.0,31.0,9_5
2_9_5,047e19dd9a5444299c8cdbe729ec65b8,2022-08-11 17:04,2022-08-11 20:04,2022-08-11 17:04 ~ 2022-08-11 17:13,32.1,3.566666666666667,7.8,9.0,9_5
,,,,,,,,,
,,,,,,,,,
2_9_5,6e9d19fdae1d409093f179269916110f,2022-08-12 21:39,2022-08-13 08:34,2022-08-12 21:39 ~ 2022-08-12 21:43,16.133333333333333,4.033333333333333,6.3,4.0,9_5
,,,,,,,,,
2_9_5,13389263f9e54b55b25b7352807d9f1b,2022-08-13 22:03,2022-08-14 08:40,2022-08-13 22:03 ~ 2022-08-13 22:08,20.5,4.1,6.6,5.0,9_5
,,,,,,,,,
,,,,,,,,,
2_nurse,86feaff02bf84b39a00bde6ef6854b12,2022-08-08 09:43,2022-08-08 13:43,2022-08-08 09:43 ~ 2022-08-08 09:53,36.0,3.6,8.1,10.0,nurse
2_nurse,665400befdc04959a16c149cc7e8e2c8,2022-08-08 15:20,2022-08-09 00:04,2022-08-08 15:20 ~ 2022-08-08 16:05,160.0,3.5555555555555554,19.8,45.0,nurse
2_nurse,afd3855436e04a22870e2e2e24414094,2022-08-09 09:35,2022-08-09 13:35,2022-08-09 09:35 ~ 2022-08-09 09:46,39.05,3.55,8.4,11.0,nurse
2_nurse,b0a5db0ce3d745319ae12575cb5742b6,2022-08-09 15:11,2022-08-10 00:14,2022-08-09 15:11 ~ 2022-08-09 15:42,103.30000000000001,3.3322580645161293,15.3,31.0,nurse
,,,,,,,,,
2_nurse,c31f59ed3c10485ea6143912cd2f4d41,2022-08-10 15:16,2022-08-11 00:22,2022-08-10 15:16 ~ 2022-08-10 15:34,59.43333333333334,3.3018518518518523,10.8,18.0,nurse
2_nurse,99322851abb441398fb9a1ba8bae4d47,2022-08-11 09:02,2022-08-11 11:02,2022-08-11 09:02 ~ 2022-08-11 09:06,15.2,3.8,6.0,4.0,nurse
2_nurse,ed28caf98a044a8392231e50c9b1e9e9,2022-08-11 14:41,2022-08-12 00:38,2022-08-11 14:41 ~ 2022-08-11 14:46,16.166666666666668,3.2333333333333334,6.6,5.0,nurse
,,,,,,,,,
,,,,,,,,,
2_nurse,4642ad30d57d4923a25cb5986f0685e2,2022-08-13 17:27,2022-08-13 19:27,2022-08-13 17:27 ~ 2022-08-13 17:31,14.65,3.6625,6.0,4.0,nurse
,,,,,,,,,
,,,,,,,,,
2_nurse,4f3909c5174c47399ccd283fdb9b5f1b,2022-08-15 01:00,2022-08-15 08:19,2022-08-15 01:00 ~ 2022-08-15 01:19,86.76666666666667,4.566666666666666,11.1,19.0,nurse
,,,,,,,,,
,,,,,,,,,
,,,,,,,,,
,,,,,,,,,
3_5_9,b7d0e5a2350846169afdc989de479ef6,2022-08-10 05:52,2022-08-10 08:52,2022-08-10 05:52 ~ 2022-08-10 06:03,45.516666666666666,4.137878787878788,8.4,11.0,5_9
3_5_9,1ee56e5a7bc2413085dd0dd217dbbd16,2022-08-10 11:25,2022-08-10 20:20,2022-08-10 11:25 ~ 2022-08-10 11:53,87.21666666666667,3.1148809523809526,14.1,28.0,5_9
3_5_9,7479042b9e2a4721b799a0a9f70acb96,2022-08-11 05:23,2022-08-11 07:23,2022-08-11 05:23 ~ 2022-08-11 05:24,4.55,4.55,5.1,1.0,5_9
,,,,,,,,,
,,,,,,,,,
3_5_9,3d049e357850444cadc2a9e5c7bbea5c,2022-08-12 11:44,2022-08-12 20:16,2022-08-12 11:44 ~ 2022-08-12 12:07,80.0,3.4782608695652173,12.6,23.0,5_9
,,,,,,,,,
3_5_9,d56db3491869497a9cdc5d92d97566f8,2022-08-13 11:31,2022-08-13 20:16,2022-08-13 11:31 ~ 2022-08-13 11:58,84.15,3.1166666666666667,13.8,27.0,5_9
,,,,,,,,,
,,,,,,,,,
,,,,,,,,,
3_9_5,f9d5ad083cae4d1c9da28a4371aea10f,2022-08-09 01:05,2022-08-09 08:00,2022-08-09 01:05 ~ 2022-08-09 01:38,143.28333333333333,4.3419191919191915,15.9,33.0,9_5
3_9_5,1116ac02296c4729a6a2d20a4092fcf2,2022-08-09 17:23,2022-08-09 21:23,2022-08-09 17:23 ~ 2022-08-09 17:32,32.13333333333333,3.5703703703703704,7.8,9.0,9_5
3_9_5,b7d709423955413d8c30a5126fc13b89,2022-08-09 22:57,2022-08-10 08:22,2022-08-09 22:57 ~ 2022-08-09 23:19,89.61666666666666,4.073484848484848,12.0,22.0,9_5
,,,,,,,,,
3_9_5,f0fded610df64348ac9e6d80623d43a9,2022-08-10 22:29,2022-08-11 08:35,2022-08-10 22:29 ~ 2022-08-10 22:33,17.466666666666665,4.366666666666666,6.3,4.0,9_5
,,,,,,,,,
,,,,,,,,,
,,,,,,,,,
3_9_5,0b8a503c55474868a5834034d0379df5,2022-08-13 01:26,2022-08-13 08:00,2022-08-13 01:26 ~ 2022-08-13 02:12,199.39999999999998,4.334782608695652,20.1,46.0,9_5
,,,,,,,,,
3_9_5,e397c63626d04f86bd0fd807707035bb,2022-08-13 23:32,2022-08-14 08:16,2022-08-13 23:32 ~ 2022-08-13 23:55,87.01666666666667,3.783333333333333,12.6,23.0,9_5
,,,,,,,,,
3_9_5,dd45fa0210a04947b99887c0c1e64377,2022-08-14 23:47,2022-08-15 08:18,2022-08-14 23:47 ~ 2022-08-15 00:14,121.91666666666666,4.515432098765432,13.8,27.0,9_5
3_nurse,53d7884a8e40408d9940dbc56ad32d1f,2022-08-08 09:24,2022-08-08 11:24,2022-08-08 09:24 ~ 2022-08-08 09:33,33.0,3.6666666666666665,7.8,9.0,nurse
3_nurse,1937c8ea3f8b4ae08d83a79447d5661c,2022-08-08 12:53,2022-08-09 00:12,2022-08-08 12:53 ~ 2022-08-08 13:15,72.11666666666667,3.2780303030303033,12.3,22.0,nurse
3_nurse,6eb79a9877b04fb5a2cb107bf8b208a3,2022-08-09 09:21,2022-08-09 11:21,2022-08-09 09:21 ~ 2022-08-09 09:22,3.6,3.6,5.1,1.0,nurse
3_nurse,74c675dbaaa144bb9dd6dd38240e1011,2022-08-09 14:01,2022-08-10 00:24,2022-08-09 14:01 ~ 2022-08-09 14:14,40.083333333333336,3.0833333333333335,9.3,13.0,nurse
3_nurse,086696a3dfb2445e95a23b3f736f0292,2022-08-10 09:12,2022-08-10 12:12,2022-08-10 09:12 ~ 2022-08-10 09:20,28.8,3.6,7.5,8.0,nurse
3_nurse,7cc9e906ddc945cb9ce4c11743583d05,2022-08-10 14:43,2022-08-11 00:10,2022-08-10 14:43 ~ 2022-08-10 15:23,130.48333333333335,3.262083333333334,18.0,40.0,nurse
,,,,,,,,,
3_nurse,d3c4809f041f4faeacc058ab76564f10,2022-08-11 17:24,2022-08-12 00:03,2022-08-11 17:24 ~ 2022-08-11 18:11,172.93333333333334,3.6794326241134754,20.4,47.0,nurse
,,,,,,,,,
3_nurse,2d89c5e2fe9042be8f52ee6b14571654,2022-08-12 23:11,2022-08-13 08:03,2022-08-12 23:11 ~ 2022-08-12 23:42,127.10000000000001,4.1000000000000005,15.3,31.0,nurse
3_nurse,1001f7cea5044e22b8238f3a580874f5,2022-08-13 17:00,2022-08-13 20:00,2022-08-13 17:00 ~ 2022-08-13 17:11,40.333333333333336,3.666666666666667,8.4,11.0,nurse
3_nurse,29a2629b76c24ee087f7a1236555e2a5,2022-08-13 22:29,2022-08-14 08:22,2022-08-13 22:29 ~ 2022-08-13 22:56,112.43333333333332,4.164197530864197,13.8,27.0,nurse
,,,,,,,,,
,,,,,,,,,
,,,,,,,,,
,,,,,,,,,
4_5_9,ae1e0f27a91d425f99db70da62b15910,2022-08-09 05:16,2022-08-09 07:16,2022-08-09 05:16 ~ 2022-08-09 05:27,47.3,4.3,8.4,11.0,5_9
,,,,,,,,,
4_5_9,617c23f827664f93850a1d3f7ec708a1,2022-08-10 05:13,2022-08-10 09:13,2022-08-10 05:13 ~ 2022-08-10 05:22,38.1,4.233333333333333,7.8,9.0,5_9
4_5_9,2a409f7a3037456d8bc4d5267f7de79d,2022-08-10 12:43,2022-08-10 20:18,2022-08-10 12:43 ~ 2022-08-10 13:05,65.06666666666666,2.9575757575757575,12.3,22.0,5_9
,,,,,,,,,
4_5_9,d93cc553e2ba4616ae67220e3236aa13,2022-08-11 09:58,2022-08-11 20:30,2022-08-11 09:58 ~ 2022-08-11 10:06,29.233333333333334,3.654166666666667,7.5,8.0,5_9
,,,,,,,,,
4_5_9,9e4ef642be9d43f8984477f4de7c6fd7,2022-08-12 12:48,2022-08-12 20:00,2022-08-12 12:48 ~ 2022-08-12 13:37,167.70000000000002,3.422448979591837,21.3,49.0,5_9
,,,,,,,,,
4_5_9,36a4344489aa4e0893f4e0e3568e260d,2022-08-13 09:34,2022-08-13 20:25,2022-08-13 09:34 ~ 2022-08-13 09:53,68.4,3.6,11.1,19.0,5_9
,,,,,,,,,
4_5_9,a082c94615f640b983dfbe28dc4a7c47,2022-08-14 10:17,2022-08-14 20:32,2022-08-14 10:17 ~ 2022-08-14 10:28,32.266666666666666,2.933333333333333,8.4,11.0,5_9
,,,,,,,,,
4_9_5,7cdcc723363148d8999c26dae1bbcc0e,2022-08-08 21:07,2022-08-09 08:41,2022-08-08 21:07 ~ 2022-08-08 21:11,17.666666666666668,4.416666666666667,6.0,4.0,9_5
4_9_5,931a86755f7142f5b093e144a58a5a7d,2022-08-09 17:24,2022-08-09 19:24,2022-08-09 17:24 ~ 2022-08-09 17:28,14.266666666666667,3.566666666666667,6.0,4.0,9_5
4_9_5,9cf4b276a39f41048136a8b29e84bc7e,2022-08-09 23:01,2022-08-10 08:17,2022-08-09 23:01 ~ 2022-08-09 23:21,81.33333333333333,4.066666666666666,11.4,20.0,9_5
4_9_5,834a6259132a4e3e9a9114f283f09aa4,2022-08-10 17:47,2022-08-10 21:47,2022-08-10 17:47 ~ 2022-08-10 17:52,18.25,3.65,6.6,5.0,9_5
,,,,,,,,,
4_9_5,4fead2576e37415db53fe8176a1c2671,2022-08-11 17:44,2022-08-11 20:44,2022-08-11 17:44 ~ 2022-08-11 17:59,54.5,3.6333333333333333,9.9,15.0,9_5
,,,,,,,,,
4_9_5,c21acfcb3a87438db1751ca0689e992a,2022-08-12 17:59,2022-08-12 20:59,2022-08-12 17:59 ~ 2022-08-12 18:05,21.75,3.625,6.9,6.0,9_5
,,,,,,,,,
,,,,,,,,,
,,,,,,,,,
4_9_5,86fd5b321c434735bb413be33978871b,2022-08-14 17:57,2022-08-14 20:57,2022-08-14 17:57 ~ 2022-08-14 18:08,43.016666666666666,3.9106060606060606,8.4,11.0,9_5
4_9_5,bd08cba15be24652848e9ce2cdc620b5,2022-08-14 22:27,2022-08-15 08:00,2022-08-14 22:27 ~ 2022-08-14 23:11,192.9,4.384090909090909,19.5,44.0,9_5
,,,,,,,,,
4_nurse,6a000a5d4b604d06908ce5589360f71c,2022-08-08 14:13,2022-08-09 00:18,2022-08-08 14:13 ~ 2022-08-08 14:41,95.1,3.3964285714285714,14.1,28.0,nurse
,,,,,,,,,
4_nurse,e9c944e33e58451dac56c10d403fc56e,2022-08-09 15:00,2022-08-10 00:34,2022-08-09 15:00 ~ 2022-08-09 15:12,39.6,3.3000000000000003,8.7,12.0,nurse
,,,,,,,,,
,,,,,,,,,
4_nurse,27b912579bb548e7af5c9abc2e291e13,2022-08-11 10:01,2022-08-11 13:01,2022-08-11 10:01 ~ 2022-08-11 10:04,10.85,3.6166666666666667,5.7,3.0,nurse
4_nurse,fc093e8b6320459587e68430dc96f0b4,2022-08-11 14:42,2022-08-11 23:59,2022-08-11 14:42 ~ 2022-08-11 15:19,122.16666666666667,3.301801801801802,17.1,37.0,nurse
,,,,,,,,,
,,,,,,,,,
,,,,,,,,,
4_nurse,d8dca17eb9494c999ce189830222ebeb,2022-08-14 00:04,2022-08-14 08:02,2022-08-14 00:04 ~ 2022-08-14 00:50,177.0,3.847826086956522,20.1,46.0,nurse
,,,,,,,,,
4_nurse,3b44a786954141589ae6d9e3a26658a4,2022-08-14 22:37,2022-08-15 08:29,2022-08-14 22:37 ~ 2022-08-14 22:53,70.13333333333334,4.383333333333334,10.2,16.0,nurse
5_5_9,a1cdee68604d4fbfacbe03c89cc96e49,2022-08-08 05:48,2022-08-08 08:48,2022-08-08 05:48 ~ 2022-08-08 05:52,16.8,4.2,6.0,4.0,5_9
,,,,,,,,,
5_5_9,59c1a42283bc4ffdbc22e9ae414003e2,2022-08-09 05:08,2022-08-09 08:08,2022-08-09 05:08 ~ 2022-08-09 05:12,17.2,4.3,6.0,4.0,5_9
5_5_9,ce221f85a5664c2195b8d50985744502,2022-08-09 11:49,2022-08-09 20:20,2022-08-09 11:49 ~ 2022-08-09 12:17,88.38333333333333,3.1565476190476187,14.1,28.0,5_9
,,,,,,,,,
5_5_9,f54afe20c6584079b88f99bf58b547ba,2022-08-10 13:04,2022-08-10 20:37,2022-08-10 13:04 ~ 2022-08-10 13:15,32.81666666666667,2.983333333333334,8.4,11.0,5_9
,,,,,,,,,
,,,,,,,,,
5_5_9,7766f298b0a94e27b5be4782c21fc58d,2022-08-12 05:55,2022-08-12 08:55,2022-08-12 05:55 ~ 2022-08-12 06:01,26.733333333333334,4.455555555555556,6.9,6.0,5_9
5_5_9,b59d591064ff4b9b8f46442389d4dd61,2022-08-12 11:30,2022-08-12 20:31,2022-08-12 11:30 ~ 2022-08-12 11:46,55.733333333333334,3.4833333333333334,10.2,16.0,5_9
,,,,,,,,,
5_5_9,259623941d504ea6a9be6a6c54048c64,2022-08-13 10:58,2022-08-13 20:21,2022-08-13 10:58 ~ 2022-08-13 11:25,85.31666666666666,3.1598765432098763,13.8,27.0,5_9
,,,,,,,,,
5_5_9,ef841d587357476f8079940e91278565,2022-08-14 10:31,2022-08-14 20:09,2022-08-14 10:31 ~ 2022-08-14 11:09,110.19999999999999,2.9,17.4,38.0,5_9
5_9_5,b3aafeb6f45646c48bfaec5a3bdabc1d,2022-08-08 17:12,2022-08-08 19:12,2022-08-08 17:12 ~ 2022-08-08 17:22,37.166666666666664,3.7166666666666663,8.1,10.0,9_5
5_9_5,5ca8997aebda40f3b55d4f1354f88ebb,2022-08-08 20:41,2022-08-09 08:21,2022-08-08 20:41 ~ 2022-08-08 20:56,66.0,4.4,9.9,15.0,9_5
,,,,,,,,,
5_9_5,e1045dfce68847f0b1402a6e2d1eea81,2022-08-09 21:48,2022-08-10 08:27,2022-08-09 21:48 ~ 2022-08-09 21:59,44.733333333333334,4.066666666666666,8.4,11.0,9_5
5_9_5,c65a9a6704ce47ec9b3a74a701aec7df,2022-08-10 17:11,2022-08-10 19:11,2022-08-10 17:11 ~ 2022-08-10 17:15,14.666666666666666,3.6666666666666665,6.3,4.0,9_5
5_9_5,5adc279994304f8699bec236887a9614,2022-08-10 20:45,2022-08-11 08:35,2022-08-10 20:45 ~ 2022-08-10 20:58,56.11666666666667,4.316666666666666,9.0,13.0,9_5
5_9_5,a9e3be1d7967446d9cf244953fdb51e9,2022-08-11 17:38,2022-08-11 21:38,2022-08-11 17:38 ~ 2022-08-11 17:50,43.6,3.6333333333333333,8.7,12.0,9_5
5_9_5,d544d6a9d68246c69e36c32ad2e55451,2022-08-12 01:13,2022-08-12 08:29,2022-08-12 01:13 ~ 2022-08-12 01:27,63.46666666666667,4.533333333333333,9.6,14.0,9_5
5_9_5,6f06389f281e4882a9294355b18a6e12,2022-08-12 17:14,2022-08-12 21:14,2022-08-12 17:14 ~ 2022-08-12 17:24,35.333333333333336,3.5333333333333337,8.1,10.0,9_5
5_9_5,9daa404bca994532b8da258efadc2bc6,2022-08-13 00:46,2022-08-13 08:20,2022-08-13 00:46 ~ 2022-08-13 01:03,72.86666666666667,4.286274509803922,10.5,17.0,9_5
,,,,,,,,,
5_9_5,8d4d2954cd4f4f09898df7b4acbafd4f,2022-08-14 00:33,2022-08-14 08:24,2022-08-14 00:33 ~ 2022-08-14 00:51,69.6,3.8666666666666663,10.8,18.0,9_5
,,,,,,,,,
,,,,,,,,,
,,,,,,,,,
5_nurse,adb0caf7f5aa44a4bbb4e992e2d5e423,2022-08-08 13:36,2022-08-09 00:19,2022-08-08 13:36 ~ 2022-08-08 14:04,94.33333333333333,3.369047619047619,14.1,28.0,nurse
,,,,,,,,,
5_nurse,5abe104123d446e78f9ad09547073ba1,2022-08-09 13:45,2022-08-10 00:32,2022-08-09 13:45 ~ 2022-08-09 13:57,37.2,3.1,8.7,12.0,nurse
5_nurse,f400089aa17240f79694cbfe65c0ee4b,2022-08-10 09:38,2022-08-10 11:38,2022-08-10 09:38 ~ 2022-08-10 09:45,24.5,3.5,7.2,7.0,nurse
5_nurse,16e46b7b00004eee83e1f91f8ced2f3c,2022-08-10 14:16,2022-08-11 00:41,2022-08-10 14:16 ~ 2022-08-10 14:20,12.333333333333334,3.0833333333333335,6.3,4.0,nurse
,,,,,,,,,
5_nurse,6af125d408f448049872c56c3f7e9b97,2022-08-11 16:24,2022-08-12 00:33,2022-08-11 16:24 ~ 2022-08-11 16:36,41.900000000000006,3.491666666666667,8.7,12.0,nurse
,,,,,,,,,
5_nurse,7546858e76e04302ae30003e9a0ba196,2022-08-13 00:10,2022-08-13 08:38,2022-08-13 00:10 ~ 2022-08-13 00:16,24.8,4.133333333333334,6.9,6.0,nurse
,,,,,,,,,
5_nurse,7cf917f01662463295e0bd1934dbed96,2022-08-13 22:09,2022-08-14 08:08,2022-08-13 22:09 ~ 2022-08-13 22:39,123.6,4.12,14.7,30.0,nurse
,,,,,,,,,
,,,,,,,,,
6_5_9,f8c91eb854614dfa83ed78b986d72b44,2022-08-08 05:12,2022-08-08 08:12,2022-08-08 05:12 ~ 2022-08-08 05:18,25.0,4.166666666666667,6.9,6.0,5_9
,,,,,,,,,
6_5_9,46c35a509b9142019d66f676c9115159,2022-08-09 05:01,2022-08-09 07:01,2022-08-09 05:01 ~ 2022-08-09 05:10,38.7,4.300000000000001,7.8,9.0,5_9
6_5_9,de4d785e07cf4ae0b1ab218360a32af5,2022-08-09 09:33,2022-08-09 20:14,2022-08-09 09:33 ~ 2022-08-09 10:02,102.75,3.543103448275862,14.4,29.0,5_9
,,,,,,,,,
6_5_9,341967cfbef0450f8a9793dd1856088e,2022-08-10 10:05,2022-08-10 20:04,2022-08-10 10:05 ~ 2022-08-10 10:36,100.36666666666667,3.2376344086021507,15.0,31.0,5_9
6_5_9,bd318514bcee4ade85fd824eccb0bd5f,2022-08-11 05:01,2022-08-11 07:01,2022-08-11 05:01 ~ 2022-08-11 05:05,18.2,4.55,6.0,4.0,5_9
6_5_9,717b106316124958bea0faca531893d9,2022-08-11 10:44,2022-08-11 20:27,2022-08-11 10:44 ~ 2022-08-11 11:05,75.0,3.5714285714285716,11.7,21.0,5_9
,,,,,,,,,
6_5_9,d5aced28ec16497db5b50dcec03fc940,2022-08-12 11:27,2022-08-12 20:04,2022-08-12 11:27 ~ 2022-08-12 11:54,94.25,3.490740740740741,13.8,27.0,5_9
,,,,,,,,,
6_5_9,58574492917241d9a593402533642634,2022-08-13 10:35,2022-08-13 20:06,2022-08-13 10:35 ~ 2022-08-13 11:18,138.78333333333333,3.2275193798449613,19.2,43.0,5_9
6_5_9,9170a27714bf472099c53b57588703f4,2022-08-14 05:43,2022-08-14 07:43,2022-08-14 05:43 ~ 2022-08-14 05:51,30.4,3.8,7.5,8.0,5_9
,,,,,,,,,
,,,,,,,,,
6_9_5,d30e6ee3a0b142849b78bf0a7e767427,2022-08-08 23:18,2022-08-09 08:03,2022-08-08 23:18 ~ 2022-08-09 00:03,196.45000000000002,4.365555555555556,19.8,45.0,9_5
,,,,,,,,,
6_9_5,25cf708e74ba4508b0ea3154e3a43919,2022-08-09 23:08,2022-08-10 08:30,2022-08-09 23:08 ~ 2022-08-09 23:24,65.06666666666666,4.066666666666666,10.2,16.0,9_5
6_9_5,c1890e9120f64dd494c118fc0637cd07,2022-08-10 17:58,2022-08-10 19:58,2022-08-10 17:58 ~ 2022-08-10 18:08,37.03333333333333,3.703333333333333,8.1,10.0,9_5
,,,,,,,,,
6_9_5,fe8ae12cee8b4982aa2723aea60dadfd,2022-08-11 17:14,2022-08-11 21:14,2022-08-11 17:14 ~ 2022-08-11 17:22,28.533333333333335,3.566666666666667,7.5,8.0,9_5
6_9_5,c84d854a14174afba1569efd0a3b9b83,2022-08-11 23:53,2022-08-12 08:20,2022-08-11 23:53 ~ 2022-08-12 00:16,102.5,4.456521739130435,12.6,23.0,9_5
6_9_5,76afd4a89adb4161ac57be398980178f,2022-08-12 17:57,2022-08-12 19:57,2022-08-12 17:57 ~ 2022-08-12 18:04,25.28333333333333,3.6119047619047615,7.2,7.0,9_5
6_9_5,f5bcadbc1a9949a297a439e52828edbf,2022-08-12 23:37,2022-08-13 08:39,2022-08-12 23:37 ~ 2022-08-12 23:39,8.2,4.1,5.4,2.0,9_5
6_9_5,2d176b4dcc4943928f3ba2c34c1c19af,2022-08-13 17:53,2022-08-13 21:53,2022-08-13 17:53 ~ 2022-08-13 18:00,25.55,3.65,7.2,7.0,9_5
6_9_5,d1b2f08761734add96dce5d82f0d4935,2022-08-14 00:26,2022-08-14 08:36,2022-08-14 00:26 ~ 2022-08-14 00:31,19.2,3.84,6.6,5.0,9_5
6_9_5,4abd897348cf42c8991fc57d5cb28d03,2022-08-14 17:14,2022-08-14 21:14,2022-08-14 17:14 ~ 2022-08-14 17:27,49.18333333333333,3.783333333333333,9.3,13.0,9_5
6_9_5,42e660197b014f8da3acfa74580e8914,2022-08-14 23:47,2022-08-15 08:21,2022-08-14 23:47 ~ 2022-08-15 00:04,77.08333333333333,4.534313725490196,10.5,17.0,9_5
,,,,,,,,,
,,,,,,,,,
6_nurse,346f4f6ac24f41e5bebea681534bcfb0,2022-08-09 09:36,2022-08-09 11:36,2022-08-09 09:36 ~ 2022-08-09 09:45,31.95,3.55,7.8,9.0,nurse
,,,,,,,,,
6_nurse,642a67762940459caa556b38ec9736bb,2022-08-10 09:01,2022-08-10 12:01,2022-08-10 09:01 ~ 2022-08-10 09:04,10.8,3.6,5.7,3.0,nurse
6_nurse,194cb44ad49b423e9b4b511ac62b2070,2022-08-10 13:45,2022-08-11 00:07,2022-08-10 13:45 ~ 2022-08-10 14:25,121.83333333333333,3.0458333333333334,18.3,40.0,nurse
6_nurse,d758d5607ca1487588b1c04bfb7c5002,2022-08-11 09:00,2022-08-11 13:00,2022-08-11 09:00 ~ 2022-08-11 09:01,3.8,3.8,5.1,1.0,nurse
6_nurse,09cb7604c31d4f51a9a62d4307a07302,2022-08-11 15:43,2022-08-12 00:07,2022-08-11 15:43 ~ 2022-08-11 16:07,81.21666666666667,3.384027777777778,12.9,24.0,nurse
6_nurse,abe4dde3d03e4097ab9e8ec3e469c589,2022-08-12 17:08,2022-08-12 19:08,2022-08-12 17:08 ~ 2022-08-12 17:12,14.133333333333333,3.533333333333333,6.0,4.0,nurse
6_nurse,b444e55257734aa2bf219188b1313424,2022-08-12 20:44,2022-08-13 08:02,2022-08-12 20:44 ~ 2022-08-12 21:24,161.2,4.029999999999999,18.3,40.0,nurse
6_nurse,aba6fe679325404fb4b02179b4bfd9a1,2022-08-13 17:08,2022-08-13 20:08,2022-08-13 17:08 ~ 2022-08-13 17:12,14.666666666666666,3.6666666666666665,6.0,4.0,nurse
6_nurse,dd7a0bf97b0543dba3850512d150e759,2022-08-13 22:50,2022-08-14 08:32,2022-08-13 22:50 ~ 2022-08-13 22:57,29.166666666666668,4.166666666666667,7.2,7.0,nurse
,,,,,,,,,
6_nurse,1a262833e6514c4b8f16cb8520b61abe,2022-08-14 22:31,2022-08-15 08:13,2022-08-14 22:31 ~ 2022-08-14 23:08,161.91666666666666,4.376126126126126,17.1,37.0,nurse
7_5_9,a731647a3203430f824171aa6c40d992,2022-08-08 06:01,2022-08-08 08:01,2022-08-08 06:01 ~ 2022-08-08 06:10,37.8,4.199999999999999,7.8,9.0,5_9
7_5_9,f5746ba42e27477c86382beb3e59a43d,2022-08-08 09:37,2022-08-08 20:29,2022-08-08 09:37 ~ 2022-08-08 09:47,36.0,3.6,8.1,10.0,5_9
,,,,,,,,,
,,,,,,,,,
,,,,,,,,,
7_5_9,4e584a433c1b40529fb5a3286796050e,2022-08-10 13:00,2022-08-10 20:03,2022-08-10 13:00 ~ 2022-08-10 13:31,92.48333333333333,2.9833333333333334,15.3,31.0,5_9
,,,,,,,,,
7_5_9,0fa0ff88d32f46e3b5c7719fe1351b3f,2022-08-11 10:53,2022-08-11 20:02,2022-08-11 10:53 ~ 2022-08-11 11:24,109.88333333333333,3.5446236559139783,15.0,31.0,5_9
,,,,,,,,,
,,,,,,,,,
7_5_9,e4c6bcb119304e468bcad5ea8c72812d,2022-08-13 05:47,2022-08-13 08:47,2022-08-13 05:47 ~ 2022-08-13 06:00,55.9,4.3,9.3,13.0,5_9
,,,,,,,,,
,,,,,,,,,
7_5_9,46cbe4fc74834c339f77fe2a5fd28482,2022-08-14 13:49,2022-08-14 20:14,2022-08-14 13:49 ~ 2022-08-14 14:12,62.516666666666666,2.7181159420289855,12.6,23.0,5_9
7_9_5,900e997a59e14e70b168af17b198b3fe,2022-08-08 17:44,2022-08-08 21:44,2022-08-08 17:44 ~ 2022-08-08 17:51,27.183333333333334,3.8833333333333333,7.2,7.0,9_5
,,,,,,,,,
7_9_5,7e293f45a7124b5cab64509fc41c390f,2022-08-09 17:13,2022-08-09 20:13,2022-08-09 17:13 ~ 2022-08-09 17:23,35.666666666666664,3.5666666666666664,8.1,10.0,9_5
7_9_5,6fbd7de275c84ecf8ee055f48071a289,2022-08-09 21:43,2022-08-10 08:20,2022-08-09 21:43 ~ 2022-08-09 21:59,65.06666666666666,4.066666666666666,10.2,16.0,9_5
7_9_5,9db1cba2d92b46508780bae6eb1dd7e6,2022-08-10 17:53,2022-08-10 19:53,2022-08-10 17:53 ~ 2022-08-10 18:07,51.56666666666666,3.683333333333333,9.6,14.0,9_5
7_9_5,d6b086758cd94ef8ae0fbd38041d1923,2022-08-10 21:26,2022-08-11 08:41,2022-08-10 21:26 ~ 2022-08-10 21:31,21.78333333333333,4.3566666666666665,6.6,5.0,9_5
7_9_5,f5939bc5e9eb49c09009356d3163ea9b,2022-08-11 17:28,2022-08-11 21:28,2022-08-11 17:28 ~ 2022-08-11 17:41,47.1,3.623076923076923,9.0,13.0,9_5
7_9_5,9f5fa3d3c4e5495f8de67faaf793fc7a,2022-08-11 23:00,2022-08-12 08:05,2022-08-11 23:00 ~ 2022-08-11 23:36,159.6,4.433333333333334,16.8,36.0,9_5
7_9_5,c73a0a1cdf3b4628b23c1bcfdffe6869,2022-08-12 17:36,2022-08-12 20:36,2022-08-12 17:36 ~ 2022-08-12 17:41,17.916666666666668,3.5833333333333335,6.6,5.0,9_5
,,,,,,,,,
7_9_5,eb0c48073c5e4ec58e5bdbc20e9d0a5d,2022-08-13 17:40,2022-08-13 19:40,2022-08-13 17:40 ~ 2022-08-13 17:47,25.55,3.65,7.2,7.0,9_5
,,,,,,,,,
7_9_5,c129b005ef26480f8a4ca1f74ff7273f,2022-08-14 17:44,2022-08-14 19:44,2022-08-14 17:44 ~ 2022-08-14 17:50,23.1,3.85,6.9,6.0,9_5
7_9_5,1b1859783f744b90b76edb5c024fc0ff,2022-08-14 23:18,2022-08-15 08:44,2022-08-14 23:18 ~ 2022-08-14 23:19,4.35,4.35,5.1,1.0,9_5
,,,,,,,,,
,,,,,,,,,
,,,,,,,,,
,,,,,,,,,
,,,,,,,,,
7_nurse,544f4badc7ec47f5beee288212b63860,2022-08-10 13:55,2022-08-11 00:28,2022-08-10 13:55 ~ 2022-08-10 14:12,51.916666666666664,3.053921568627451,10.5,17.0,nurse
7_nurse,75219ddca5384776ab6bc72f30d34b45,2022-08-11 09:07,2022-08-11 11:07,2022-08-11 09:07 ~ 2022-08-11 09:20,49.4,3.8,9.3,13.0,nurse
,,,,,,,,,
,,,,,,,,,
,,,,,,,,,
,,,,,,,,,
7_nurse,ecf7ac3dfe3242f3bfb4d25d44a410b4,2022-08-14 00:59,2022-08-14 08:09,2022-08-14 00:59 ~ 2022-08-14 01:22,90.39999999999999,3.930434782608695,12.6,23.0,nurse
7_nurse,34e7a0847a324941ba6116629b8d24b8,2022-08-14 17:20,2022-08-14 19:20,2022-08-14 17:20 ~ 2022-08-14 17:25,18.916666666666668,3.7833333333333337,6.6,5.0,nurse
7_nurse,871de8c4b92d4248b0f31ec7e964babf,2022-08-14 20:59,2022-08-15 08:18,2022-08-14 20:59 ~ 2022-08-14 21:21,98.25,4.465909090909091,12.3,22.0,nurse
,,,,,,,,,
,,,,,,,,,
8_5_9,08f05ee270994819b6c59ac76b2ce6e5,2022-08-09 05:00,2022-08-09 07:00,2022-08-09 05:00 ~ 2022-08-09 05:02,8.6,4.3,5.4,2.0,5_9
8_5_9,51327c90740849bb8fd01e151135809c,2022-08-09 10:41,2022-08-09 20:27,2022-08-09 10:41 ~ 2022-08-09 11:02,69.58333333333333,3.3134920634920633,11.7,21.0,5_9
8_5_9,06436bd2059c4d9c91a9d861a07dd55b,2022-08-10 06:01,2022-08-10 10:01,2022-08-10 06:01 ~ 2022-08-10 06:18,70.55,4.1499999999999995,10.5,17.0,5_9
8_5_9,5d41c4a3c66b4568bcc680cdccecf5f6,2022-08-10 11:32,2022-08-10 20:20,2022-08-10 11:32 ~ 2022-08-10 11:58,80.6,3.0999999999999996,13.5,26.0,5_9
8_5_9,87601057b5d0445986c8d66571590a44,2022-08-11 05:27,2022-08-11 09:27,2022-08-11 05:27 ~ 2022-08-11 05:31,18.2,4.55,6.3,4.0,5_9
8_5_9,8f7d14677d6a41e1b95b31d346935206,2022-08-11 12:07,2022-08-11 20:13,2022-08-11 12:07 ~ 2022-08-11 12:38,104.61666666666666,3.3747311827956987,15.3,31.0,5_9
,,,,,,,,,
8_5_9,61286e27f9874606b40d3dc99270513f,2022-08-12 11:53,2022-08-12 20:41,2022-08-12 11:53 ~ 2022-08-12 11:59,20.9,3.483333333333333,6.9,6.0,5_9
,,,,,,,,,
8_5_9,75f65b452a8c4d3f8b10014944836db2,2022-08-13 09:56,2022-08-13 20:01,2022-08-13 09:56 ~ 2022-08-13 10:43,160.58333333333334,3.416666666666667,20.4,47.0,5_9
8_5_9,39905bdff0254df7a501b73a15e4f743,2022-08-14 05:59,2022-08-14 08:59,2022-08-14 05:59 ~ 2022-08-14 06:10,42.3,3.8454545454545452,8.4,11.0,5_9
,,,,,,,,,
8_9_5,014962f9735447cf8ff84c4a412e016b,2022-08-08 17:37,2022-08-08 19:37,2022-08-08 17:37 ~ 2022-08-08 17:41,15.533333333333333,3.8833333333333333,6.3,4.0,9_5
8_9_5,34a54aa4b1a44b578d4b93fefafe1c87,2022-08-08 21:12,2022-08-09 08:22,2022-08-08 21:12 ~ 2022-08-08 21:29,75.08333333333333,4.416666666666666,10.5,17.0,9_5
,,,,,,,,,
8_9_5,c8282ec89c5e4d0e93c7eefd4dbe77d8,2022-08-09 22:11,2022-08-10 08:14,2022-08-09 22:11 ~ 2022-08-09 22:34,94.68333333333334,4.116666666666667,12.6,23.0,9_5
,,,,,,,,,
,,,,,,,,,
,,,,,,,,,
8_9_5,d74474a36eeb474f86279d8e3a23faaa,2022-08-11 22:47,2022-08-12 08:11,2022-08-11 22:47 ~ 2022-08-11 23:25,167.81666666666666,4.416228070175438,17.4,38.0,9_5
8_9_5,eb046a737b064383bb27f01b2c39e608,2022-08-12 17:13,2022-08-12 20:13,2022-08-12 17:13 ~ 2022-08-12 17:30,60.06666666666667,3.5333333333333337,10.5,17.0,9_5
8_9_5,8d536e0b52994345829f409d27ead5a3,2022-08-12 22:42,2022-08-13 08:24,2022-08-12 22:42 ~ 2022-08-12 22:54,49.0,4.083333333333333,8.7,12.0,9_5
8_9_5,2db6d19f0728483a8a1a408e153a9936,2022-08-13 17:19,2022-08-13 19:19,2022-08-13 17:19 ~ 2022-08-13 17:32,47.63333333333333,3.664102564102564,9.0,13.0,9_5
,,,,,,,,,
,,,,,,,,,
8_9_5,27c461bfa34747919f27514acec20e4d,2022-08-14 23:13,2022-08-15 08:27,2022-08-14 23:13 ~ 2022-08-14 23:26,56.55,4.35,9.3,13.0,9_5
8_nurse,1aa81f30b20f4193bb2bac5cb9f100cd,2022-08-08 09:07,2022-08-08 12:07,2022-08-08 09:07 ~ 2022-08-08 09:15,29.6,3.7,7.5,8.0,nurse
8_nurse,9f948de71aad4b99b4bbb35b1007818e,2022-08-08 15:41,2022-08-09 00:37,2022-08-08 15:41 ~ 2022-08-08 15:51,35.5,3.55,8.1,10.0,nurse
8_nurse,2abde03c9cc8465c9731c10d19932493,2022-08-09 09:39,2022-08-09 11:39,2022-08-09 09:39 ~ 2022-08-09 09:56,60.35,3.5500000000000003,10.5,17.0,nurse
8_nurse,c876da4953174e97a6ca2c5084936f99,2022-08-09 14:09,2022-08-10 00:37,2022-08-09 14:09 ~ 2022-08-09 14:13,12.333333333333334,3.0833333333333335,6.3,4.0,nurse
8_nurse,932468553a834149b49cba4c953b7f7f,2022-08-10 09:24,2022-08-10 12:24,2022-08-10 09:24 ~ 2022-08-10 09:30,21.6,3.6,6.9,6.0,nurse
8_nurse,f7910106902f4dfb8b2429c2b373950b,2022-08-10 15:02,2022-08-11 00:03,2022-08-10 15:02 ~ 2022-08-10 15:33,102.03333333333333,3.2913978494623657,15.3,31.0,nurse
,,,,,,,,,
8_nurse,1b50a38d3c034befac72df8d0abd1020,2022-08-11 14:26,2022-08-12 00:35,2022-08-11 14:26 ~ 2022-08-11 14:32,19.066666666666666,3.1777777777777776,6.9,6.0,nurse
,,,,,,,,,
8_nurse,38547d9115494321b30f59b846a64c97,2022-08-12 23:04,2022-08-13 08:19,2022-08-12 23:04 ~ 2022-08-12 23:27,94.3,4.1,12.6,23.0,nurse
8_nurse,9d01b963cccb45c396f5411733de8253,2022-08-13 17:04,2022-08-13 21:04,2022-08-13 17:04 ~ 2022-08-13 17:09,18.333333333333332,3.6666666666666665,6.6,5.0,nurse
,,,,,,,,,
,,,,,,,,,
,,,,,,,,,
9_5_9,07f43492d3cc4f7f9505b655468fa649,2022-08-08 05:29,2022-08-08 09:29,2022-08-08 05:29 ~ 2022-08-08 05:47,75.56666666666668,4.198148148148149,10.8,18.0,5_9
9_5_9,6984277817a142a7b4ea295091e61c87,2022-08-08 11:59,2022-08-08 20:09,2022-08-08 11:59 ~ 2022-08-08 12:29,99.01666666666667,3.3005555555555555,14.7,30.0,5_9
9_5_9,281873cba2df4ec9ab534c6d40eb0d6b,2022-08-09 05:40,2022-08-09 09:40,2022-08-09 05:40 ~ 2022-08-09 05:46,25.3,4.216666666666667,6.9,6.0,5_9
9_5_9,99f30eb45a514b9c903b814906019daa,2022-08-09 12:19,2022-08-09 20:22,2022-08-09 12:19 ~ 2022-08-09 12:45,80.15,3.082692307692308,13.5,26.0,5_9
,,,,,,,,,
9_5_9,8abe352a87664ae69fc1ed331573d669,2022-08-10 13:03,2022-08-10 20:08,2022-08-10 13:03 ~ 2022-08-10 13:38,104.41666666666666,2.983333333333333,16.5,35.0,5_9
,,,,,,,,,
9_5_9,d136733e9e8f44a9965901f0ad82e6cd,2022-08-11 11:09,2022-08-11 20:05,2022-08-11 11:09 ~ 2022-08-11 11:42,115.4,3.496969696969697,15.9,33.0,5_9
,,,,,,,,,
9_5_9,2c212a0832604b9283c04a296e699b96,2022-08-12 11:30,2022-08-12 20:09,2022-08-12 11:30 ~ 2022-08-12 12:08,132.23333333333335,3.4798245614035093,17.4,38.0,5_9
,,,,,,,,,
,,,,,,,,,
,,,,,,,,,
,,,,,,,,,
9_9_5,d9c8dfebe61b4fe6acd7553858a616b7,2022-08-08 17:00,2022-08-08 20:00,2022-08-08 17:00 ~ 2022-08-08 17:14,52.03333333333333,3.7166666666666663,9.6,14.0,9_5
,,,,,,,,,
,,,,,,,,,
,,,,,,,,,
9_9_5,9078b32c8d394da4844f8b1bd1c49909,2022-08-10 17:53,2022-08-10 20:53,2022-08-10 17:53 ~ 2022-08-10 18:04,40.41666666666667,3.6742424242424248,8.4,11.0,9_5
9_9_5,c593cc34018a4d71bc84c840ab7e8f3e,2022-08-10 22:24,2022-08-11 08:04,2022-08-10 22:24 ~ 2022-08-10 23:01,161.61666666666665,4.3680180180180175,17.1,37.0,9_5
9_9_5,c0ef873aedd941e3a98a71bfe6a4b8e8,2022-08-11 17:58,2022-08-11 19:58,2022-08-11 17:58 ~ 2022-08-11 17:59,3.6333333333333333,3.6333333333333333,5.1,1.0,9_5
,,,,,,,,,
9_9_5,894396fbb3e844e68e6eafcbb5b7cc92,2022-08-12 17:55,2022-08-12 21:55,2022-08-12 17:55 ~ 2022-08-12 18:09,50.616666666666674,3.615476190476191,9.6,14.0,9_5
9_9_5,56026b00876f4c02bdc2c5f93ab12aad,2022-08-13 00:24,2022-08-13 08:39,2022-08-13 00:24 ~ 2022-08-13 00:32,33.36666666666667,4.170833333333333,7.5,8.0,9_5
9_9_5,3eeac9d9574e43f68b1068c9361e78e6,2022-08-13 17:33,2022-08-13 20:33,2022-08-13 17:33 ~ 2022-08-13 17:35,7.3,3.65,5.4,2.0,9_5
,,,,,,,,,
,,,,,,,,,
9_9_5,a8792512818b4e898b06cdae9eafed3e,2022-08-14 23:14,2022-08-15 08:12,2022-08-14 23:14 ~ 2022-08-14 23:40,115.1,4.426923076923076,13.5,26.0,9_5
,,,,,,,,,
9_nurse,d9a10c3d43bd48e78bd5a5eab3ad9798,2022-08-08 13:57,2022-08-09 00:24,2022-08-08 13:57 ~ 2022-08-08 14:13,54.083333333333336,3.3802083333333335,10.2,16.0,nurse
9_nurse,2abb2499bc7b4111b65fea1895957448,2022-08-09 09:49,2022-08-09 13:49,2022-08-09 09:49 ~ 2022-08-09 09:59,35.5,3.55,8.1,10.0,nurse
9_nurse,553e529b0019480ba9d11a877dfa938e,2022-08-09 15:24,2022-08-10 00:33,2022-08-09 15:24 ~ 2022-08-09 15:37,43.483333333333334,3.344871794871795,9.0,13.0,nurse
,,,,,,,,,
,,,,,,,,,
,,,,,,,,,
,,,,,,,,,
,,,,,,,,,
9_nurse,386010c76931473785f62db270cd5dc7,2022-08-12 21:07,2022-08-13 08:04,2022-08-12 21:07 ~ 2022-08-12 21:54,189.18333333333334,4.025177304964539,20.4,47.0,nurse
,,,,,,,,,
,,,,,,,,,
,,,,,,,,,
,,,,,,,,,
